Gene	Chrom	RegionNum	RegionLength	Resolution	GeneName	GeneID	CandidateProgressionDrivers.CandidateTumorSuppressors.CandidateTumorInitiation	State1	State2	State3	Chr	Start	End	Strand	TSS	Start_p5k	End_p5k	Start_p2k	End_p2k	TSSInRegion	Promoter5kInRegion	Promoter2kInRegion
Kras	6	40	5000	5000	Kras	1	NA	2700	973	8491	chr6	145216699	145250239	-	145250239	145250239	145255239	145250239	145252239	region:16	"region:16,17"	region:16
Cpne5	17	40	5000	5000	Cpne5	2	CTS	3105	1080	9851	chr17	29155556	29238167	-	29238167	29238167	29243167	29238167	29240167	region:38	"region:38,39"	region:38
Slc38a4	15	39	5000	5000	Slc38a4	3	NA	2877	1006	9115	chr15	96994820	97055956	-	97055956	97055956	97060956	97055956	97057956	region:19	"region:19,20"	region:19
Gal	19	40	5000	5000	Gal	4	NA	3021	1097	10024	chr19	3409915	3414544	-	3414544	3414544	3419544	3414544	3416544	region:21	"region:21,22"	region:21
Opn3_Chml	1	40	5000	5000	Opn3	5	CPD	2371	777	7065	chr1	175662421	175692776	-	175692776	175692776	175697776	175692776	175694776	region:19	"region:19,20"	region:19
Opn3_Chml	1	40	5000	5000	Chml	5	CPD	2371	777	7065	chr1	175682237	175692901	-	175692901	175692901	175697901	175692901	175694901	region:19	"region:19,20"	region:19
Foxa3	7	20	5000	5000	Foxa3	6	CPD	1584	692	6601	chr7	19013284	19023538	-	19023538	19023538	19028538	19023538	19025538	region:6	"region:6,7"	region:6
Clec3b	9	40	5000	5000	Clec3b	7	CTS	2801	1069	9663	chr9	123150946	123157432	+	123150946	123145946	123150946	123148946	123150946	region:17	"region:16,17"	region:17
Lrrc24	15	40	5000	5000	Lrrc24	8	NA	2864	1086	9717	chr15	76715276	76722173	-	76722173	76722173	76727173	76722173	76724173	region:14	"region:14,15"	region:14
Mlc1	15	39	5000	5000	Mlc1	9	CTS	2740	1057	9001	chr15	88955884	88979007	-	88979007	88979007	88984007	88979007	88981007	region:26	"region:26,27"	region:26
Sec14l3	11	40	5000	5000	Sec14l3	10	CTS	2761	1102	9835	chr11	4064841	4077736	+	4064841	4059841	4064841	4062841	4064841	region:21	"region:20,21"	region:21
Esco2_Scara3_Clu_Ephx2	14	40	8000	8000	Ephx2	11	CPD	3104	1010	9586	chr14	66084374	66124500	-	66124500	66124500	66129500	66124500	66126500	region:37	region:37	region:37
Esco2_Scara3_Clu_Ephx2	14	40	8000	8000	Clu	11	CPD	3104	1010	9586	chr14	65968483	65981547	+	65968483	65963483	65968483	65966483	65968483	region:20	"region:19,20"	region:20
Esco2_Scara3_Clu_Ephx2	14	40	8000	8000	Esco2	11	CPD	3104	1010	9586	chr14	65819038	65833994	-	65833994	65833994	65838994	65833994	65835994	region:5	region:5	region:5
Esco2_Scara3_Clu_Ephx2	14	40	8000	8000	Scara3	11	CPD	3104	1010	9586	chr14	65919394	65953935	-	65953935	65953935	65958935	65953935	65955935	region:18	"region:18,19"	region:18
Epas1	17	40	10000	10000	Epas1	12	NA	3221	1090	9488	chr17	86753700	86833410	+	86753700	86748700	86753700	86751700	86753700	region:27	region:27	region:27
Dlgap3_Gja4	4	40	8000	8000	Gja4	13	CTS	3069	1012	8497	chr4	127311421	127314039	-	127314039	127314039	127319039	127314039	127316039	region:34	"region:34,35"	region:34
Dlgap3_Gja4	4	40	8000	8000	Dlgap3	13	CTS	3069	1012	8497	chr4	127169204	127237022	+	127169204	127164204	127169204	127167204	127169204	region:16	"region:15,16"	region:16
Agr2	12	40	10000	10000	Agr2	14	CPD	2845	1010	9065	chr12	35992907	36004087	+	35992907	35987907	35992907	35990907	35992907	region:19	region:19	region:19
Olfm4	14	40	12000	12000	Olfm4	15	CPD	2936	936	8442	chr14	79984081	80023139	+	79984081	79979081	79984081	79982081	79984081	region:21	region:21	region:21
Neurl1a	19	40	10000	10000	Neurl1a	16	NA	3191	1133	10365	chr19	47178820	47259441	+	47178820	47173820	47178820	47176820	47178820	region:24	region:24	region:24
Anxa8	14	40	8000	8000	Anxa8	17	CPD	2996	1024	9074	chr14	34085981	34100571	+	34085981	34080981	34085981	34083981	34085981	region:18	"region:17,18"	region:18
Slc6a19_Trip13	13	40	10000	10000	Trip13	18	CPD	2954	1074	9427	chr13	73911347	73937784	-	73937784	73937784	73942784	73937784	73939784	region:34	"region:34,35"	region:34
Slc6a19_Trip13	13	40	10000	10000	Slc6a19	18	CPD	2954	1074	9427	chr13	73679745	73704865	-	73704865	73704865	73709865	73704865	73706865	region:11	region:11	region:11
Myrip	9	40	10000	10000	Myrip	19	CTS	3018	1076	9700	chr9	120301513	120474841	+	120301513	120296513	120301513	120299513	120301513	region:19	region:19	region:19
Slc6a20a_Xcr1	9	40	10000	10000	Xcr1	20	CTS	2917	1068	9663	chr9	123852315	123862029	-	123862029	123862029	123867029	123862029	123864029	region:37	region:37	region:37
Slc6a20a_Xcr1	9	40	10000	10000	Slc6a20a	20	CTS	2917	1068	9663	chr9	123634770	123678885	-	123678885	123678885	123683885	123678885	123680885	region:18	"region:18,19"	"region:18,19"
Myc	15	40	20000	20000	Myc	21	CID	3300	1027	10037	chr15	61985391	61990374	+	61985391	61980391	61985391	61983391	61985391	region:28	region:28	region:28
Mycn	12	40	20000	20000	Mycn	22	CPD	3304	1024	9408	chr12	12936093	12941914	-	12941914	12941914	12946914	12941914	12943914	region:27	region:27	region:27
Foxq1	13	40	15000	15000	Foxq1	23	CPD	3149	980	9712	chr13	31556134	31560976	+	31556134	31551134	31556134	31554134	31556134	region:38	region:38	region:38
Fhit	14	40	20000	20000	Fhit	24	CPD	3213	982	9132	chr14	9550092	11162035	-	11162035	11162035	11167035	11162035	11164035	region:23	region:23	region:23
Gata4	14	40	12000	12000	Gata4	25	NA	3199	999	9463	chr14	63198922	63271692	-	63271692	63271692	63276692	63271692	63273692	region:18	region:18	region:18
Peg3	7	40	15000	15000	Peg3	26	CPD	2847	839	6998	chr7	6703892	6730431	-	6730431	6730431	6735431	6730431	6732431	region:26	region:26	region:26
Oit1	14	40	20000	20000	Oit1	27	CPD	3135	984	9225	chr14	8348937	8378754	-	8378754	8378754	8383754	8378754	8380754	region:23	region:23	region:23
Ncald	15	40	15000	15000	Ncald	28	NA	3026	1013	9663	chr15	37366175	37792570	-	37792570	37792570	37797570	37792570	37794570	region:32	region:32	region:32
Cxcl12	6	40	15000	15000	Cxcl12	29	CTS	2971	983	7728	chr6	117168535	117181367	+	117168535	117163535	117168535	117166535	117168535	region:2	region:2	region:2
ApoB	12	40	20000	20000	ApoB	30	CPD	2979	1020	9077	chr12	7977648	8016835	+	7977648	7972648	7977648	7975648	7977648	region:23	region:23	region:23