NA	1.46453253556098	1.49642892903412	0.514021959317875	0.444307990146554	0.741366411339785	0.377686164185509	1.68076343794618	0.719349422220369	3.87620234941	2.22040985057287	1.81241448416216	2.91506917613069	3.53560657253463	1.1685087166728	3.93182085387577	2.7296310113103	3.4704707781423	2.59204241277001	1.45521226139311	1.03673976074672	0.551497770306429	0.303995594790258	0.887000782116045	2.08671138214801	2.47374295180171	2.39093294637903	0.508641387577093	1.47884176008789	1.43977072567876	1.77869340895254	1.8860537769652	1.97724645534358	2.95527743955883	2.08151937154144	2.82900121352057	1.9496426338047	0.83270025081016	2.05704710446332	1.6709093176868	0.669075138907527	0.35856440112883	1.88844187485955	2.50622274192402	-1.65586529849397	-0.425112568576273	-0.352550837325445	-0.982240068222756	0.576745791174454	0.568446094607923
1.46453253556098	NA	1.03462865380275	-0.584291335450847	-0.560197699903935	-1.25074370990945	-2.71410812208858	0.40203370227849	-0.600931193863118	1.12658855640288	1.5352409420576	-0.431534547248195	0.910226981052078	0.55303163498529	-0.393072645903951	0.413053413527599	0.70301922586559	0.77725311677056	0.642883852003093	1.52435409169	0.321204666865035	-0.382509773487516	0.638051618193071	-0.713386660306642	0.391363216215298	-0.411439534679987	2.06778223882207	-0.7958954775173	2.03028749322158	0.33666610259544	0.341776911733212	0.890474596431624	0.560003757393482	0.503450631225301	1.0172849246083	0.654363256643775	0.979129818411526	0.453721800844607	0.595910122671185	1.51967580498883	-0.375814844153838	0.885548414142956	0.697625534988242	-0.397945472485557	-1.6636886246665	-0.94427910877031	0.822638424880792	-1.04172867630286	-0.938278436383114	-0.353753295380155
1.49642892903412	1.03462865380275	NA	0.891511161442367	1.04450369178556	1.14319655077746	-0.367376497019219	0.578072259973258	0.6241958459055	2.21039238950732	2.26189265997711	0.536931597242533	3.06540059656105	2.24160363534461	1.06386357831761	0.906335290657001	0.378302172640126	2.82885919258511	1.7775050057397	2.06862380473219	0.818492356638554	0.39901701388216	1.74194585447686	1.21073704066711	2.60440524409104	0.706275254638625	2.43931321098741	0.839238826715688	1.33764185426867	1.60558865407925	0.965164187506417	2.26527591365157	2.17543642965131	2.15126937270331	1.63524311176437	1.81039421572709	2.57809145011693	1.25292880951685	1.97570711765266	2.02389921629043	1.3609260897169	2.21984368756191	1.03329369439612	0.583568661929641	-3.42057812215413	-0.499979780675165	-0.389689082593696	-1.31390951243901	0.469337765378723	-0.672204792980612
0.514021959317875	-0.584291335450847	0.891511161442367	NA	-0.435216194670513	0.402431095504685	1.06063556558383	0.585743533718938	-0.41210489498344	0.702514573919611	3.01488013788326	0.662604566325041	0.482231863284009	3.52652672413144	1.86461514607885	2.16645146473709	0.793533973389476	1.64358285685761	2.79446564747987	2.41858541785253	3.43418489743539	4.29073315045328	3.88377172133908	1.82197173934954	3.40998759573174	0.668829935999976	1.94773217253066	4.99689915488823	1.47735612481744	2.71823499066664	3.37683482603044	3.19985872283981	3.38004164108311	3.62193748284321	5.22743447306516	3.36435032699005	5.31660010530503	2.4335610410518	5.15184592476922	4.31156364989396	4.00610635438333	3.6367629412642	1.68767871531402	1.06385787939914	-0.624321799788229	1.57085021485941	1.75263785668903	1.46408382476639	3.92308753321945	0.41593303259597
0.444307990146554	-0.560197699903935	1.04450369178556	-0.435216194670513	NA	-0.412097253222655	2.35541967104956	0.664087240953864	-0.407455297611162	1.10631200635706	2.09858679909598	1.02478473292161	0.351428460716059	2.74176306885921	1.22850068963741	0.735879417299112	-0.759191258183577	-0.822706804444277	0.505306665707502	0.801608012167844	1.26986378249961	1.32842511188179	3.23384942893895	0.530579145449442	2.03922923673583	1.78359858748933	1.38648848420954	1.83380698719921	1.5485547883902	1.75511136081986	2.59230137819151	3.44674351515856	0.768321161806075	3.64239080922871	3.52246395907681	1.27957720555373	3.84249598337065	2.31625606790516	4.0726228784592	5.76935409450457	4.81666084344107	1.72120769010504	1.40189358020449	0.454058564976718	-1.15121608974745	1.00812596902974	0.770761482220051	0.667543577693643	1.81658829639444	0.806395545978411
0.741366411339785	-1.25074370990945	1.14319655077746	0.402431095504685	-0.412097253222655	NA	0.604272221542092	1.07743610574706	-0.895267365761814	2.76156447991092	2.05222323310052	0.979000191270004	0.564760195648432	1.55205174172541	1.0424985167316	1.30468602146743	0.738053525114101	0.605167992485976	0.930189435895414	0.681154328401508	1.07268972836746	0.66663337422054	2.24775458875192	1.06508367124866	2.31462713834604	0.938036675664498	1.96497684474145	0.679882406683848	0.954054831571497	1.80516540567852	2.71058304954113	3.23273628818984	2.0192068957963	1.14020243865039	0.719267518608696	0.928328870041511	3.04243251613425	2.84550166116551	2.61561639901082	2.25486194337433	2.76353714830437	3.12133946372126	0.517136744556518	-0.796184748171393	-2.03123751941685	-0.360499946523311	-0.375307790822302	-0.428110550456148	-0.466625720248965	0.310274951310348
0.377686164185509	-2.71410812208858	-0.367376497019219	1.06063556558383	2.35541967104956	0.604272221542092	NA	0.428934738903749	-0.350490850110661	3.83135042355895	3.47444302792427	0.416830447283026	1.32733968481492	1.15072607232236	1.64449181472437	1.00224561943061	-0.404066836286472	-0.349381511100162	-0.667150018876342	0.761576144913102	0.542793654225505	-0.331911304433773	0.646061052478262	0.434524400051151	1.52410986605178	0.597595964363749	1.5765068156408	1.10646206621601	1.20853115707807	1.64431500267442	1.42701207242843	0.837666785964674	1.56421724156473	0.89481349081738	0.389705182573099	1.09636568399698	2.41748579272014	1.89006708018646	1.50835613969434	1.86294096100608	1.35680055952978	0.901955787218929	0.714693309321063	0.341640959672548	-3.67086871296045	-0.752287397834476	0.567794657199441	-0.988025764872735	-0.735174089063365	0.4203797957675
1.68076343794618	0.40203370227849	0.578072259973258	0.585743533718938	0.664087240953864	1.07743610574706	0.428934738903749	NA	0.775565689731107	0.751466254383986	1.20814789448526	-0.375636098623084	0.731680339745956	1.13331111896216	3.10499947503781	1.13908090504225	-0.364773492487627	-0.613340947369047	-0.583962939774047	-0.378300579747196	0.700244475840951	-0.516857889180506	-0.47436786807824	-1.0689589456517	2.5512853933983	0.655141589472859	1.57786677019189	1.00503162586814	1.66871108878481	1.47630304379733	1.32542401141097	0.970879412657746	2.80245862064277	0.447937386747961	1.70898976686089	0.956825141320757	4.304319299827	1.32973151266481	2.55718547629508	2.8594348202834	1.84938026598232	1.30921676481406	0.319278387858172	-0.468595564674859	-1.99618911241682	-0.520449714207706	0.712314635292308	-0.762532844036766	0.478273425197834	0.739939613888931
0.719349422220369	-0.600931193863118	0.6241958459055	-0.41210489498344	-0.407455297611162	-0.895267365761814	-0.350490850110661	0.775565689731107	NA	0.634660985615671	1.14917839018742	0.527145941254131	-0.848853755015941	-0.494013919533123	1.12025540633483	0.396518717663883	-0.794767582844005	-0.825804034892014	-0.932458200457799	-0.433701161789295	1.23283781878686	2.49573520531251	1.206953365808	-0.406701256045618	2.50138247229768	0.840332193270493	1.96540489688837	-0.955099281966133	0.756522742247269	0.972299791033941	0.479982882238005	0.89472140069048	1.56251541021738	0.303398857372795	0.52094122465204	0.551494720003761	0.904572468437348	0.513721569624355	0.712792961453583	1.37844701329857	0.66598199693434	0.694810247262592	-0.698013156141496	-0.893028272760666	-4.43072529948226	-0.956866837616219	0.373599958836253	0.487174550752996	0.46718720552286	0.354381005015417
3.87620234941	1.12658855640288	2.21039238950732	0.702514573919611	1.10631200635706	2.76156447991092	3.83135042355895	0.751466254383986	0.634660985615671	NA	0.878437204438464	0.745284669581694	-0.591367139106297	0.778924849894075	1.87370558606595	0.806916829340066	0.571139759146407	0.72723702493062	0.601123317168064	2.73533630200137	3.27631556402147	2.74280412867527	2.38230938892985	0.422918865252739	4.34455653381603	1.68831527606069	1.28309256336373	1.41549472082235	1.14675014300487	2.59036972658288	2.38374086245193	0.863962866744324	3.07819378915337	0.817136629888278	2.15243845581194	1.46015272222789	2.16260061156997	1.53702577464369	3.30089585175394	2.86441286632022	3.44466416931251	3.55023966769048	0.574069556134797	0.534206789300696	-0.339186962816381	3.2550986229675	2.57502846506329	1.90577574734759	1.10982312594572	0.668685986604105
2.22040985057287	1.5352409420576	2.26189265997711	3.01488013788326	2.09858679909598	2.05222323310052	3.47444302792427	1.20814789448526	1.14917839018742	0.878437204438464	NA	0.473501294440673	0.40636517983292	2.40533087268336	1.40912390798507	1.83633864236662	0.746918220377424	1.54827544128442	1.85322508803091	2.33792827246209	4.31347229915286	3.70899191799324	4.1967996780698	2.90079592619151	3.49985391485626	2.06574665563163	6.2257749612318	2.17682149018329	4.20308913140687	3.57899386220962	2.35704795608091	3.46543719369414	5.39241009333458	0.964477434675281	2.98138330275521	2.38843204918081	5.27104054131808	1.96838636933883	4.97848611413901	3.97004909093513	3.08740380302022	1.76246911702047	1.55298690466402	-0.40981163742402	-0.484741588694511	1.53683838934688	1.99486266350925	0.873764485441547	2.04719950025285	1.26246821863651
1.81241448416216	-0.431534547248195	0.536931597242533	0.662604566325041	1.02478473292161	0.979000191270004	0.416830447283026	-0.375636098623084	0.527145941254131	0.745284669581694	0.473501294440673	NA	-0.838660353677238	0.9522210715123	-0.333671914345163	1.26171023698413	1.10901203963896	1.23407024276316	1.67280263976356	1.16961486843883	2.53925790372685	3.10935238826068	2.87708323700787	2.94723812752614	3.61389231378699	1.11135539388795	1.3377129243467	0.787985025648352	1.82985564433425	1.41660230459743	1.16924635091008	0.868199902407368	2.17057977511619	2.62345989904158	2.57932415581226	1.84234662762293	3.46744264305074	0.644976876596321	3.59116855615876	2.32426845939524	2.22150088386463	1.17448063610023	0.578006211813552	0.317688580951428	-0.903380452070066	-0.321804613399308	0.344068889642062	-0.603518962543077	0.997915923288522	0.475729703216459
2.91506917613069	0.910226981052078	3.06540059656105	0.482231863284009	0.351428460716059	0.564760195648432	1.32733968481492	0.731680339745956	-0.848853755015941	-0.591367139106297	0.40636517983292	-0.838660353677238	NA	-1.20418459800595	-1.40247739574879	0.301000345802775	-1.24326677875127	-1.02073711579571	-0.84106723496656	-0.630814408457915	0.32976526979849	0.429449628387114	0.320163739384085	-0.434960518670395	1.86459525837067	0.77605301913405	0.565774591564823	-0.460942783726828	0.692264389739769	0.806739090001237	0.953846892967049	1.31325507144385	0.475358509575099	-0.315324973964226	0.548277294849697	-0.397404132879584	0.742635571210454	-0.364887073567595	1.72654501628729	0.778928926061543	0.553992678693282	1.21008933737593	-0.411663617206917	-1.20905965244262	-1.30394670284221	-2.109412857471	-0.715273968879329	-1.36792987427907	-1.26608904148376	-0.534553524431915
3.53560657253463	0.55303163498529	2.24160363534461	3.52652672413144	2.74176306885921	1.55205174172541	1.15072607232236	1.13331111896216	-0.494013919533123	0.778924849894075	2.40533087268336	0.9522210715123	-1.20418459800595	NA	0.992196499181269	2.7843098856233	0.849105895075629	0.473990663786872	0.777087763835972	0.892807303605234	3.93694907480224	4.48233561913398	2.28136116343742	2.33400188136781	4.42442443829075	0.514603059415219	1.20892993285099	2.00595432362593	1.30354166180002	2.46144300527916	4.03342384498717	1.79081550572455	4.27873906391952	3.3221279901335	2.36926158362134	1.8651194816893	5.79232303693339	1.10815484500195	4.32132623251772	1.86677200616376	2.72182281709609	1.21969271693127	1.28313812622147	-1.10444404841398	-0.918323916613339	0.338097274807076	0.41652649530614	0.318770400224905	0.388178476804745	0.335363325967092
1.1685087166728	-0.393072645903951	1.06386357831761	1.86461514607885	1.22850068963741	1.0424985167316	1.64449181472437	3.10499947503781	1.12025540633483	1.87370558606595	1.40912390798507	-0.333671914345163	-1.40247739574879	0.992196499181269	NA	0.317193524574221	1.20575988933774	-0.355498347414775	0.651345893792188	-0.752818383090162	1.50095178547296	1.99218921843182	1.49103104919841	2.49809229201792	4.1752806496598	1.65116427630118	2.48921940313493	1.851342706269	2.15839444128546	2.86857616990143	0.812379537676919	0.694299522637928	4.23112944290035	2.486278764816	4.32525499757309	1.58870238534909	4.45509266124341	0.319404785715261	2.61214558905416	2.01767443053963	3.15245796959079	1.23372198684765	1.58680043520412	0.863855495856748	-0.699355513466103	1.07012443059624	1.90394169312515	1.05002830542782	1.57813700602569	1.06823113518164
3.93182085387577	0.413053413527599	0.906335290657001	2.16645146473709	0.735879417299112	1.30468602146743	1.00224561943061	1.13908090504225	0.396518717663883	0.806916829340066	1.83633864236662	1.26171023698413	0.301000345802775	2.7843098856233	0.317193524574221	NA	0.868857690103591	0.380877658657307	0.380110366305361	0.704102854929555	3.82279813932009	1.65819290365243	1.96837372803519	1.80678601482286	2.71350463110267	0.4439441315211	1.34883548047142	1.74333814802111	1.64146978415067	3.78968015115342	1.46510307473108	4.60725211075632	2.91761851314396	2.38162043644242	4.45188213340614	1.89414583708937	3.41269236156537	0.649210033012023	1.84048680016743	1.20451339509458	2.38827511338366	1.85881343382121	0.724991830806906	0.707726181069649	-0.520433406236204	1.0140688927097	1.18930772692621	0.572598404185507	1.18766262694817	1.65725578855907
2.7296310113103	0.70301922586559	0.378302172640126	0.793533973389476	-0.759191258183577	0.738053525114101	-0.404066836286472	-0.364773492487627	-0.794767582844005	0.571139759146407	0.746918220377424	1.10901203963896	-1.24326677875127	0.849105895075629	1.20575988933774	0.868857690103591	NA	-0.717160909064181	0.77207119813961	-0.488161958683158	3.37032418467869	0.874397160556253	3.21740304654969	1.0265562335176	0.794283940338672	-0.849097681043401	0.612552070547665	1.08029317474619	1.09870741638552	1.29427722787849	0.742938643661595	2.59211128741307	2.897381741974	2.16070644613649	3.01721762808106	0.491169817923483	2.32058494570411	1.11828126752149	1.54255543967729	0.557993569769039	1.51881532960818	0.4929090043703	-0.428278756143178	1.06946114953887	-1.87262480262399	0.536898611440671	-0.333400365155066	0.640700652335913	0.349488065990305	0.8872739354122
3.4704707781423	0.77725311677056	2.82885919258511	1.64358285685761	-0.822706804444277	0.605167992485976	-0.349381511100162	-0.613340947369047	-0.825804034892014	0.72723702493062	1.54827544128442	1.23407024276316	-1.02073711579571	0.473990663786872	-0.355498347414775	0.380877658657307	-0.717160909064181	NA	-1.34578023573554	-0.522592266118082	1.61053980559985	1.26120232385998	1.03353047674651	-0.483022145223721	-0.701953340460091	-0.9773165999154	0.804918330210505	-0.665287064293933	-0.912171067877937	2.00662208326946	1.2353373827698	2.42988688778859	2.02274414439885	1.2228389894947	2.80726128468592	-0.473641121566241	3.82951749936278	0.786064252212381	1.55797832404869	1.27723695538449	0.785184906478106	0.883645328315985	0.398893572584929	-0.347681242579588	-0.747737566059672	0.416124296757495	0.310814062937691	0.319137678807099	0.422696879463901	0.379548605523034
2.59204241277001	0.642883852003093	1.7775050057397	2.79446564747987	0.505306665707502	0.930189435895414	-0.667150018876342	-0.583962939774047	-0.932458200457799	0.601123317168064	1.85322508803091	1.67280263976356	-0.84106723496656	0.777087763835972	0.651345893792188	0.380110366305361	0.77207119813961	-1.34578023573554	NA	-0.62582177704616	1.0950563023001	1.83945545919605	1.24777660384016	0.403686885486488	0.546197402918786	0.420406633455443	0.970953470201637	0.753503964840796	0.678693253930638	3.86720844601841	0.901025604556884	2.592592039661	1.76623341916725	0.485778970263426	2.4389811213942	0.80164839074958	2.52523448367068	1.49869798513312	2.16514654882067	1.74886561747827	2.33532840999088	1.24362854498459	-0.478425852185582	0.504327828015508	-0.669008465907954	0.785327253743361	1.08224489970256	1.02356916738431	0.426301436796356	0.517661011709945
1.45521226139311	1.52435409169	2.06862380473219	2.41858541785253	0.801608012167844	0.681154328401508	0.761576144913102	-0.378300579747196	-0.433701161789295	2.73533630200137	2.33792827246209	1.16961486843883	-0.630814408457915	0.892807303605234	-0.752818383090162	0.704102854929555	-0.488161958683158	-0.522592266118082	-0.62582177704616	NA	-2.30489242956631	-1.06426833402111	0.50121550088063	-0.318767449055485	1.13624711073534	-0.336321098053821	0.699258179538594	0.603788845018769	0.38204165955936	0.992977355960257	1.53054862153849	2.78253156225713	1.66481285167286	1.39614132776546	2.46832959181142	1.12614935945092	1.57690638061193	1.37402532893311	2.02216182507552	2.78547898637844	1.74038411126578	2.80366647025455	1.20114700685837	0.580053594364411	-1.4025094851126	-0.312309224372945	1.70471468227583	0.845206081289275	0.68731161559775	0.74871899741206
1.03673976074672	0.321204666865035	0.818492356638554	3.43418489743539	1.26986378249961	1.07268972836746	0.542793654225505	0.700244475840951	1.23283781878686	3.27631556402147	4.31347229915286	2.53925790372685	0.32976526979849	3.93694907480224	1.50095178547296	3.82279813932009	3.37032418467869	1.61053980559985	1.0950563023001	-2.30489242956631	NA	0.471258220205899	1.03092165777192	0.373070703403488	1.99483119331898	-0.304668788130904	1.20471536426726	-0.467635915833499	0.448386053069062	2.88373491328134	0.628024363060819	1.27783139929685	1.39207890333642	1.09270598527906	0.875268167520839	0.650702221468339	1.31844644346919	0.948323773412584	1.0275957909304	1.05841164976459	0.638475190141643	1.43228128827093	1.47230101044387	1.09786257203204	-0.447597605681845	0.387303137676208	0.439357465829859	0.544811499316736	0.829095438725857	-0.363599995885648
0.551497770306429	-0.382509773487516	0.39901701388216	4.29073315045328	1.32842511188179	0.66663337422054	-0.331911304433773	-0.516857889180506	2.49573520531251	2.74280412867527	3.70899191799324	3.10935238826068	0.429449628387114	4.48233561913398	1.99218921843182	1.65819290365243	0.874397160556253	1.26120232385998	1.83945545919605	-1.06426833402111	0.471258220205899	NA	0.752531218447798	-0.329249940656834	2.85947201228642	0.981349920599749	1.78956527838815	1.29213676060329	0.81694433999545	1.40215709230597	1.88393955089253	3.46199035112251	3.36798817192583	2.2024379571313	1.76139113160154	-0.395076326156184	0.600883371978487	0.423629699508971	1.22370739595189	0.553241844925979	0.705622183356371	1.16700821462684	1.64831022338303	1.89247202603478	0.586303710820857	1.4952383962671	1.79458778438459	1.12316686754372	1.39840309336045	0.818973124820314
0.303995594790258	0.638051618193071	1.74194585447686	3.88377172133908	3.23384942893895	2.24775458875192	0.646061052478262	-0.47436786807824	1.206953365808	2.38230938892985	4.1967996780698	2.87708323700787	0.320163739384085	2.28136116343742	1.49103104919841	1.96837372803519	3.21740304654969	1.03353047674651	1.24777660384016	0.50121550088063	1.03092165777192	0.752531218447798	NA	0.446630268394915	0.819504149601267	2.03395677471515	3.23006697792399	2.68023979321149	3.38153901223106	1.51029699017994	1.23095190626198	3.73314093515323	1.23060485983739	1.34150438393962	0.642135732158825	0.837621032154327	0.877523629996295	2.04055325595471	-0.873604338829778	0.693820700256099	1.64457881920731	1.82276848411481	2.48970900278869	2.26362056871418	0.763468130191968	1.35284040922404	1.20891550635253	1.4533046439917	3.70640666486973	0.515737470308214
0.887000782116045	-0.713386660306642	1.21073704066711	1.82197173934954	0.530579145449442	1.06508367124866	0.434524400051151	-1.0689589456517	-0.406701256045618	0.422918865252739	2.90079592619151	2.94723812752614	-0.434960518670395	2.33400188136781	2.49809229201792	1.80678601482286	1.0265562335176	-0.483022145223721	0.403686885486488	-0.318767449055485	0.373070703403488	-0.329249940656834	0.446630268394915	NA	-2.72510954773986	-0.481338296647508	0.371301656883505	2.10974270999498	1.20824570111533	0.748138897271658	0.516153174829497	1.00814452699549	1.52912533494718	2.15300087005807	0.660960289429481	-0.455314462008399	0.755757738417603	0.973525256893145	-0.932550740587623	-0.350801840239667	0.928785636592298	1.0892470490928	1.15138843314567	1.28904210350727	-1.00796922931059	1.38401439491227	0.310140003178751	-0.475089876747926	0.601959637964505	0.424934017733977
2.08671138214801	0.391363216215298	2.60440524409104	3.40998759573174	2.03922923673583	2.31462713834604	1.52410986605178	2.5512853933983	2.50138247229768	4.34455653381603	3.49985391485626	3.61389231378699	1.86459525837067	4.42442443829075	4.1752806496598	2.71350463110267	0.794283940338672	-0.701953340460091	0.546197402918786	1.13624711073534	1.99483119331898	2.85947201228642	0.819504149601267	-2.72510954773986	NA	-0.793199723138092	0.98556380369844	0.372902281942991	0.814183575266328	0.780033549952767	0.653761518048023	3.21578377815572	2.35411347118511	4.55520597848025	2.47053810952247	2.0486209907805	3.31378522330463	2.62374203255704	3.07823219378556	2.00875813919001	1.42667133174975	0.942522829715358	2.49652442080274	1.06974412713057	0.318284901349011	2.68794708353772	1.76289955082817	1.25504996313003	1.54021200088293	0.970778761313811
2.47374295180171	-0.411439534679987	0.706275254638625	0.668829935999976	1.78359858748933	0.938036675664498	0.597595964363749	0.655141589472859	0.840332193270493	1.68831527606069	2.06574665563163	1.11135539388795	0.77605301913405	0.514603059415219	1.65116427630118	0.4439441315211	-0.849097681043401	-0.9773165999154	0.420406633455443	-0.336321098053821	-0.304668788130904	0.981349920599749	2.03395677471515	-0.481338296647508	-0.793199723138092	NA	-0.441485832236907	-0.958672500088672	0.683321564447259	0.442188573707772	1.42214921180937	0.698287186178501	1.01585208521435	1.34040062023911	-0.459088823679396	-0.340731339627998	-0.353914391858889	0.491580297885255	-0.954223726616477	0.671962708000724	-0.935486695534738	-0.887081183040885	0.360658258437337	0.557623830612779	-0.783764362173106	-1.43709780215472	1.92364504715921	0.596780710648478	-0.367253747398462	1.00807356323724
2.39093294637903	2.06778223882207	2.43931321098741	1.94773217253066	1.38648848420954	1.96497684474145	1.5765068156408	1.57786677019189	1.96540489688837	1.28309256336373	6.2257749612318	1.3377129243467	0.565774591564823	1.20892993285099	2.48921940313493	1.34883548047142	0.612552070547665	0.804918330210505	0.970953470201637	0.699258179538594	1.20471536426726	1.78956527838815	3.23006697792399	0.371301656883505	0.98556380369844	-0.441485832236907	NA	-1.92733806369646	0.610662352641811	2.16045150736781	1.68559026086762	4.36940234062864	5.19944719104749	5.57928561686747	1.71137322326509	1.54072473997034	2.64602054342444	1.28291483957571	0.875535586446732	2.05791216521912	0.883193255917596	0.579275180434	1.60583168615284	2.88279090370195	0.872988022518352	1.94933221067858	1.68165592862726	3.27518901262146	5.12518111653415	4.19352650466307
0.508641387577093	-0.7958954775173	0.839238826715688	4.99689915488823	1.83380698719921	0.679882406683848	1.10646206621601	1.00503162586814	-0.955099281966133	1.41549472082235	2.17682149018329	0.787985025648352	-0.460942783726828	2.00595432362593	1.851342706269	1.74333814802111	1.08029317474619	-0.665287064293933	0.753503964840796	0.603788845018769	-0.467635915833499	1.29213676060329	2.68023979321149	2.10974270999498	0.372902281942991	-0.958672500088672	-1.92733806369646	NA	-0.409800236961824	0.732419679736575	-0.531621720449699	0.750116864780915	2.11252656886451	3.31733813838378	0.556121342847524	1.10051979243477	1.14127339721249	1.88309971375073	1.41527753512791	1.71383551242382	1.24916831090032	-0.628810384688016	2.0460225414013	0.79028674530897	0.48876041407554	1.28550695738385	1.52054437351923	0.463701504222534	3.27706453598673	0.940515665127987
1.47884176008789	2.03028749322158	1.33764185426867	1.47735612481744	1.5485547883902	0.954054831571497	1.20853115707807	1.66871108878481	0.756522742247269	1.14675014300487	4.20308913140687	1.82985564433425	0.692264389739769	1.30354166180002	2.15839444128546	1.64146978415067	1.09870741638552	-0.912171067877937	0.678693253930638	0.38204165955936	0.448386053069062	0.81694433999545	3.38153901223106	1.20824570111533	0.814183575266328	0.683321564447259	0.610662352641811	-0.409800236961824	NA	-0.605902231043478	-0.552790467470075	1.20771528251998	0.887487155747859	0.809814737741893	1.61342070411372	0.628575038046545	1.26081623303818	-0.647348498468938	1.44863347961083	1.44503942551408	0.965712954962033	0.774279463563228	0.939160187016359	0.392324634673049	1.58483535344324	1.13008900873967	1.58894524455103	1.3732648706467	2.45048166803402	2.02287233209314
1.43977072567876	0.33666610259544	1.60558865407925	2.71823499066664	1.75511136081986	1.80516540567852	1.64431500267442	1.47630304379733	0.972299791033941	2.59036972658288	3.57899386220962	1.41660230459743	0.806739090001237	2.46144300527916	2.86857616990143	3.78968015115342	1.29427722787849	2.00662208326946	3.86720844601841	0.992977355960257	2.88373491328134	1.40215709230597	1.51029699017994	0.748138897271658	0.780033549952767	0.442188573707772	2.16045150736781	0.732419679736575	-0.605902231043478	NA	-1.67468021254952	0.319776717556417	5.2082611287387	3.80504991566176	3.18728858919094	2.34619581251981	2.95680518235663	1.23011860078276	1.32758134682399	0.442752340020644	0.478094179625518	0.688644227365787	2.08906273371602	1.48909886979919	1.14388713139248	1.13215995849885	1.14792699047364	1.19895065512377	1.9168700859439	1.86472846778006
1.77869340895254	0.341776911733212	0.965164187506417	3.37683482603044	2.59230137819151	2.71058304954113	1.42701207242843	1.32542401141097	0.479982882238005	2.38374086245193	2.35704795608091	1.16924635091008	0.953846892967049	4.03342384498717	0.812379537676919	1.46510307473108	0.742938643661595	1.2353373827698	0.901025604556884	1.53054862153849	0.628024363060819	1.88393955089253	1.23095190626198	0.516153174829497	0.653761518048023	1.42214921180937	1.68559026086762	-0.531621720449699	-0.552790467470075	-1.67468021254952	NA	0.988169217191849	0.978630460931059	0.486934192913407	1.2563951125389	-0.518992172142012	1.75574783801891	1.47101905023611	-1.05213504857281	0.62176765323949	0.966570758708207	0.854992869120977	0.928820952887447	2.26577621179085	1.6324351058801	1.1170943552315	1.03802485219496	1.47017057873542	2.64546309849128	3.01377652509188
1.8860537769652	0.890474596431624	2.26527591365157	3.19985872283981	3.44674351515856	3.23273628818984	0.837666785964674	0.970879412657746	0.89472140069048	0.863962866744324	3.46543719369414	0.868199902407368	1.31325507144385	1.79081550572455	0.694299522637928	4.60725211075632	2.59211128741307	2.42988688778859	2.592592039661	2.78253156225713	1.27783139929685	3.46199035112251	3.73314093515323	1.00814452699549	3.21578377815572	0.698287186178501	4.36940234062864	0.750116864780915	1.20771528251998	0.319776717556417	0.988169217191849	NA	0.393694708864262	1.51467018198992	0.587340619498475	1.10356737952035	-0.331733917564757	1.37914869167244	-0.350007013352554	-0.348763103387416	-0.567381572921231	0.499631141276013	1.26998997528957	3.43320669671034	2.67485322418669	1.56055186651572	0.543104520338951	0.487138847903515	2.03036299687509	3.03552049866781
1.97724645534358	0.560003757393482	2.17543642965131	3.38004164108311	0.768321161806075	2.0192068957963	1.56421724156473	2.80245862064277	1.56251541021738	3.07819378915337	5.39241009333458	2.17057977511619	0.475358509575099	4.27873906391952	4.23112944290035	2.91761851314396	2.897381741974	2.02274414439885	1.76623341916725	1.66481285167286	1.39207890333642	3.36798817192583	1.23060485983739	1.52912533494718	2.35411347118511	1.01585208521435	5.19944719104749	2.11252656886451	0.887487155747859	5.2082611287387	0.978630460931059	0.393694708864262	NA	-0.390542085592383	2.82215456144684	0.771646643667881	2.19968941431066	1.79783840036085	0.441078445592041	-0.465351857530844	1.5703049033908	1.65864336148782	2.98512126092245	5.13085587109248	1.49258677460529	1.33320212218524	0.853755526635007	1.07911621403425	2.48052520393317	2.17239221897199
2.95527743955883	0.503450631225301	2.15126937270331	3.62193748284321	3.64239080922871	1.14020243865039	0.89481349081738	0.447937386747961	0.303398857372795	0.817136629888278	0.964477434675281	2.62345989904158	-0.315324973964226	3.3221279901335	2.486278764816	2.38162043644242	2.16070644613649	1.2228389894947	0.485778970263426	1.39614132776546	1.09270598527906	2.2024379571313	1.34150438393962	2.15300087005807	4.55520597848025	1.34040062023911	5.57928561686747	3.31733813838378	0.809814737741893	3.80504991566176	0.486934192913407	1.51467018198992	-0.390542085592383	NA	1.45631853041496	0.725135585766686	2.00185789392919	1.46957434942558	2.43712969191444	1.83553241041685	1.08261340041081	0.587641197721832	0.656327658198868	2.95911330411072	0.611801273588095	0.380384380172893	0.820972395986452	0.549346738540573	2.11183475127533	1.59740317825871
2.08151937154144	1.0172849246083	1.63524311176437	5.22743447306516	3.52246395907681	0.719267518608696	0.389705182573099	1.70898976686089	0.52094122465204	2.15243845581194	2.98138330275521	2.57932415581226	0.548277294849697	2.36926158362134	4.32525499757309	4.45188213340614	3.01721762808106	2.80726128468592	2.4389811213942	2.46832959181142	0.875268167520839	1.76139113160154	0.642135732158825	0.660960289429481	2.47053810952247	-0.459088823679396	1.71137322326509	0.556121342847524	1.61342070411372	3.18728858919094	1.2563951125389	0.587340619498475	2.82215456144684	1.45631853041496	NA	-0.563964811766545	1.91588637409632	0.922142866952207	0.750844562130386	0.371566454678727	0.899321624347596	0.927435818625486	3.08146318343625	5.53147958761252	2.94343915393764	0.578544237134925	0.806599758132245	0.583440250354232	2.47733521603106	1.54555814297023
2.82900121352057	0.654363256643775	1.81039421572709	3.36435032699005	1.27957720555373	0.928328870041511	1.09636568399698	0.956825141320757	0.551494720003761	1.46015272222789	2.38843204918081	1.84234662762293	-0.397404132879584	1.8651194816893	1.58870238534909	1.89414583708937	0.491169817923483	-0.473641121566241	0.80164839074958	1.12614935945092	0.650702221468339	-0.395076326156184	0.837621032154327	-0.455314462008399	2.0486209907805	-0.340731339627998	1.54072473997034	1.10051979243477	0.628575038046545	2.34619581251981	-0.518992172142012	1.10356737952035	0.771646643667881	0.725135585766686	-0.563964811766545	NA	0.386859898242677	1.20856355725246	-0.586948029316534	0.323220184407044	0.436468276730442	1.51248957167045	1.63516708568175	1.68451337771073	0.569330653190653	-0.502693288341277	1.33163353948575	0.721565061056708	1.11261502725787	0.362949590749501
1.9496426338047	0.979129818411526	2.57809145011693	5.31660010530503	3.84249598337065	3.04243251613425	2.41748579272014	4.304319299827	0.904572468437348	2.16260061156997	5.27104054131808	3.46744264305074	0.742635571210454	5.79232303693339	4.45509266124341	3.41269236156537	2.32058494570411	3.82951749936278	2.52523448367068	1.57690638061193	1.31844644346919	0.600883371978487	0.877523629996295	0.755757738417603	3.31378522330463	-0.353914391858889	2.64602054342444	1.14127339721249	1.26081623303818	2.95680518235663	1.75574783801891	-0.331733917564757	2.19968941431066	2.00185789392919	1.91588637409632	0.386859898242677	NA	0.556500402676917	-0.684187411945067	0.448326422671625	0.51582899072762	-0.352847108978319	2.81160658847108	3.34448496293972	0.379125940750468	-1.07937180546191	0.748804047363314	-0.452550605679688	0.845551666959266	1.16281636672469
0.83270025081016	0.453721800844607	1.25292880951685	2.4335610410518	2.31625606790516	2.84550166116551	1.89006708018646	1.32973151266481	0.513721569624355	1.53702577464369	1.96838636933883	0.644976876596321	-0.364887073567595	1.10815484500195	0.319404785715261	0.649210033012023	1.11828126752149	0.786064252212381	1.49869798513312	1.37402532893311	0.948323773412584	0.423629699508971	2.04055325595471	0.973525256893145	2.62374203255704	0.491580297885255	1.28291483957571	1.88309971375073	-0.647348498468938	1.23011860078276	1.47101905023611	1.37914869167244	1.79783840036085	1.46957434942558	0.922142866952207	1.20856355725246	0.556500402676917	NA	1.7870512027585	0.485412806933751	-0.413271938607156	-0.484082071598314	0.767188776092134	0.392006567605014	-1.06529874415061	0.314755704349361	-0.347402625703541	0.652775054693082	0.6848947500805	-0.507920367646728
2.05704710446332	0.595910122671185	1.97570711765266	5.15184592476922	4.0726228784592	2.61561639901082	1.50835613969434	2.55718547629508	0.712792961453583	3.30089585175394	4.97848611413901	3.59116855615876	1.72654501628729	4.32132623251772	2.61214558905416	1.84048680016743	1.54255543967729	1.55797832404869	2.16514654882067	2.02216182507552	1.0275957909304	1.22370739595189	-0.873604338829778	-0.932550740587623	3.07823219378556	-0.954223726616477	0.875535586446732	1.41527753512791	1.44863347961083	1.32758134682399	-1.05213504857281	-0.350007013352554	0.441078445592041	2.43712969191444	0.750844562130386	-0.586948029316534	-0.684187411945067	1.7870512027585	NA	0.631253594505905	-1.24242762697679	-0.549119713639743	2.09485426230912	2.323696409129	0.460468879512841	-0.703414267390423	0.340548949856303	-1.0666529397104	-0.32528252334717	0.501399717034529
1.6709093176868	1.51967580498883	2.02389921629043	4.31156364989396	5.76935409450457	2.25486194337433	1.86294096100608	2.8594348202834	1.37844701329857	2.86441286632022	3.97004909093513	2.32426845939524	0.778928926061543	1.86677200616376	2.01767443053963	1.20451339509458	0.557993569769039	1.27723695538449	1.74886561747827	2.78547898637844	1.05841164976459	0.553241844925979	0.693820700256099	-0.350801840239667	2.00875813919001	0.671962708000724	2.05791216521912	1.71383551242382	1.44503942551408	0.442752340020644	0.62176765323949	-0.348763103387416	-0.465351857530844	1.83553241041685	0.371566454678727	0.323220184407044	0.448326422671625	0.485412806933751	0.631253594505905	NA	-0.630508474328759	0.43332604625212	2.9126810184593	1.60620065065511	0.874384028258917	-0.603051126633996	0.641922815692712	-0.415368344339114	-0.451535468142408	0.746636746604351
0.669075138907527	-0.375814844153838	1.3609260897169	4.00610635438333	4.81666084344107	2.76353714830437	1.35680055952978	1.84938026598232	0.66598199693434	3.44466416931251	3.08740380302022	2.22150088386463	0.553992678693282	2.72182281709609	3.15245796959079	2.38827511338366	1.51881532960818	0.785184906478106	2.33532840999088	1.74038411126578	0.638475190141643	0.705622183356371	1.64457881920731	0.928785636592298	1.42667133174975	-0.935486695534738	0.883193255917596	1.24916831090032	0.965712954962033	0.478094179625518	0.966570758708207	-0.567381572921231	1.5703049033908	1.08261340041081	0.899321624347596	0.436468276730442	0.51582899072762	-0.413271938607156	-1.24242762697679	-0.630508474328759	NA	0.624371682008543	3.77129890455229	3.26201115930519	0.790184562710602	1.2643618396468	0.985418915460245	0.424947395506115	1.36976186519745	0.517780266711225
0.35856440112883	0.885548414142956	2.21984368756191	3.6367629412642	1.72120769010504	3.12133946372126	0.901955787218929	1.30921676481406	0.694810247262592	3.55023966769048	1.76246911702047	1.17448063610023	1.21008933737593	1.21969271693127	1.23372198684765	1.85881343382121	0.4929090043703	0.883645328315985	1.24362854498459	2.80366647025455	1.43228128827093	1.16700821462684	1.82276848411481	1.0892470490928	0.942522829715358	-0.887081183040885	0.579275180434	-0.628810384688016	0.774279463563228	0.688644227365787	0.854992869120977	0.499631141276013	1.65864336148782	0.587641197721832	0.927435818625486	1.51248957167045	-0.352847108978319	-0.484082071598314	-0.549119713639743	0.43332604625212	0.624371682008543	NA	0.83167059361458	-0.402003597011386	0.957967532534489	0.672795986548378	1.54642953930991	-0.535790159395766	1.08676743031165	0.701959500420029
1.88844187485955	0.697625534988242	1.03329369439612	1.68767871531402	1.40189358020449	0.517136744556518	0.714693309321063	0.319278387858172	-0.698013156141496	0.574069556134797	1.55298690466402	0.578006211813552	-0.411663617206917	1.28313812622147	1.58680043520412	0.724991830806906	-0.428278756143178	0.398893572584929	-0.478425852185582	1.20114700685837	1.47230101044387	1.64831022338303	2.48970900278869	1.15138843314567	2.49652442080274	0.360658258437337	1.60583168615284	2.0460225414013	0.939160187016359	2.08906273371602	0.928820952887447	1.26998997528957	2.98512126092245	0.656327658198868	3.08146318343625	1.63516708568175	2.81160658847108	0.767188776092134	2.09485426230912	2.9126810184593	3.77129890455229	0.83167059361458	NA	0.663966396991741	0.392584572480258	1.12379401034765	1.11487913067969	1.94830236889254	4.35532432462135	2.20378607996265
2.50622274192402	-0.397945472485557	0.583568661929641	1.06385787939914	0.454058564976718	-0.796184748171393	0.341640959672548	-0.468595564674859	-0.893028272760666	0.534206789300696	-0.40981163742402	0.317688580951428	-1.20905965244262	-1.10444404841398	0.863855495856748	0.707726181069649	1.06946114953887	-0.347681242579588	0.504327828015508	0.580053594364411	1.09786257203204	1.89247202603478	2.26362056871418	1.28904210350727	1.06974412713057	0.557623830612779	2.88279090370195	0.79028674530897	0.392324634673049	1.48909886979919	2.26577621179085	3.43320669671034	5.13085587109248	2.95911330411072	5.53147958761252	1.68451337771073	3.34448496293972	0.392006567605014	2.323696409129	1.60620065065511	3.26201115930519	-0.402003597011386	0.663966396991741	NA	0.748191401916357	1.73220564614342	1.81013109256952	4.89743008634802	3.5717815825747	5.19128481429032
-1.65586529849397	-1.6636886246665	-3.42057812215413	-0.624321799788229	-1.15121608974745	-2.03123751941685	-3.67086871296045	-1.99618911241682	-4.43072529948226	-0.339186962816381	-0.484741588694511	-0.903380452070066	-1.30394670284221	-0.918323916613339	-0.699355513466103	-0.520433406236204	-1.87262480262399	-0.747737566059672	-0.669008465907954	-1.4025094851126	-0.447597605681845	0.586303710820857	0.763468130191968	-1.00796922931059	0.318284901349011	-0.783764362173106	0.872988022518352	0.48876041407554	1.58483535344324	1.14388713139248	1.6324351058801	2.67485322418669	1.49258677460529	0.611801273588095	2.94343915393764	0.569330653190653	0.379125940750468	-1.06529874415061	0.460468879512841	0.874384028258917	0.790184562710602	0.957967532534489	0.392584572480258	0.748191401916357	NA	0.567386434944231	1.30055900392518	0.521292877786094	0.793283652663304	3.17287656399173
-0.425112568576273	-0.94427910877031	-0.499979780675165	1.57085021485941	1.00812596902974	-0.360499946523311	-0.752287397834476	-0.520449714207706	-0.956866837616219	3.2550986229675	1.53683838934688	-0.321804613399308	-2.109412857471	0.338097274807076	1.07012443059624	1.0140688927097	0.536898611440671	0.416124296757495	0.785327253743361	-0.312309224372945	0.387303137676208	1.4952383962671	1.35284040922404	1.38401439491227	2.68794708353772	-1.43709780215472	1.94933221067858	1.28550695738385	1.13008900873967	1.13215995849885	1.1170943552315	1.56055186651572	1.33320212218524	0.380384380172893	0.578544237134925	-0.502693288341277	-1.07937180546191	0.314755704349361	-0.703414267390423	-0.603051126633996	1.2643618396468	0.672795986548378	1.12379401034765	1.73220564614342	0.567386434944231	NA	-1.28346260001925	-0.546327997281338	0.613032203727802	0.604231555946957
-0.352550837325445	0.822638424880792	-0.389689082593696	1.75263785668903	0.770761482220051	-0.375307790822302	0.567794657199441	0.712314635292308	0.373599958836253	2.57502846506329	1.99486266350925	0.344068889642062	-0.715273968879329	0.41652649530614	1.90394169312515	1.18930772692621	-0.333400365155066	0.310814062937691	1.08224489970256	1.70471468227583	0.439357465829859	1.79458778438459	1.20891550635253	0.310140003178751	1.76289955082817	1.92364504715921	1.68165592862726	1.52054437351923	1.58894524455103	1.14792699047364	1.03802485219496	0.543104520338951	0.853755526635007	0.820972395986452	0.806599758132245	1.33163353948575	0.748804047363314	-0.347402625703541	0.340548949856303	0.641922815692712	0.985418915460245	1.54642953930991	1.11487913067969	1.81013109256952	1.30055900392518	-1.28346260001925	NA	-0.41720969283816	0.328109112504971	0.690342190211519
-0.982240068222756	-1.04172867630286	-1.31390951243901	1.46408382476639	0.667543577693643	-0.428110550456148	-0.988025764872735	-0.762532844036766	0.487174550752996	1.90577574734759	0.873764485441547	-0.603518962543077	-1.36792987427907	0.318770400224905	1.05002830542782	0.572598404185507	0.640700652335913	0.319137678807099	1.02356916738431	0.845206081289275	0.544811499316736	1.12316686754372	1.4533046439917	-0.475089876747926	1.25504996313003	0.596780710648478	3.27518901262146	0.463701504222534	1.3732648706467	1.19895065512377	1.47017057873542	0.487138847903515	1.07911621403425	0.549346738540573	0.583440250354232	0.721565061056708	-0.452550605679688	0.652775054693082	-1.0666529397104	-0.415368344339114	0.424947395506115	-0.535790159395766	1.94830236889254	4.89743008634802	0.521292877786094	-0.546327997281338	-0.41720969283816	NA	0.496945309940411	1.36778460102606
0.576745791174454	-0.938278436383114	0.469337765378723	3.92308753321945	1.81658829639444	-0.466625720248965	-0.735174089063365	0.478273425197834	0.46718720552286	1.10982312594572	2.04719950025285	0.997915923288522	-1.26608904148376	0.388178476804745	1.57813700602569	1.18766262694817	0.349488065990305	0.422696879463901	0.426301436796356	0.68731161559775	0.829095438725857	1.39840309336045	3.70640666486973	0.601959637964505	1.54021200088293	-0.367253747398462	5.12518111653415	3.27706453598673	2.45048166803402	1.9168700859439	2.64546309849128	2.03036299687509	2.48052520393317	2.11183475127533	2.47733521603106	1.11261502725787	0.845551666959266	0.6848947500805	-0.32528252334717	-0.451535468142408	1.36976186519745	1.08676743031165	4.35532432462135	3.5717815825747	0.793283652663304	0.613032203727802	0.328109112504971	0.496945309940411	NA	1.31692276616342
0.568446094607923	-0.353753295380155	-0.672204792980612	0.41593303259597	0.806395545978411	0.310274951310348	0.4203797957675	0.739939613888931	0.354381005015417	0.668685986604105	1.26246821863651	0.475729703216459	-0.534553524431915	0.335363325967092	1.06823113518164	1.65725578855907	0.8872739354122	0.379548605523034	0.517661011709945	0.74871899741206	-0.363599995885648	0.818973124820314	0.515737470308214	0.424934017733977	0.970778761313811	1.00807356323724	4.19352650466307	0.940515665127987	2.02287233209314	1.86472846778006	3.01377652509188	3.03552049866781	2.17239221897199	1.59740317825871	1.54555814297023	0.362949590749501	1.16281636672469	-0.507920367646728	0.501399717034529	0.746636746604351	0.517780266711225	0.701959500420029	2.20378607996265	5.19128481429032	3.17287656399173	0.604231555946957	0.690342190211519	1.36778460102606	1.31692276616342	NA
