NA	NA	NA	NA	NA	NA	NA	NA	NA	NA	NA	NA	NA	NA	NA	NA	NA	NA	NA	NA
NA	0.690414376196256	0.359186109783947	NA	NA	NA	0.432638268873861	0.500524430987281	NA	NA	0.757258276406252	NA	NA	1.58392714088583	NA	0.945356894039775	NA	NA	0.771591725477634	NA
0.611117760434915	NA	NA	NA	NA	NA	0.354041558560651	0.503048402620524	NA	NA	0.700838895224464	NA	NA	NA	NA	0.879154554046761	NA	NA	0.674696491456253	NA
NA	NA	NA	NA	NA	NA	NA	NA	NA	NA	NA	NA	NA	NA	NA	NA	NA	NA	NA	NA
NA	NA	NA	NA	NA	NA	NA	NA	NA	NA	NA	NA	NA	NA	NA	NA	NA	NA	NA	NA
NA	1.06738139562979	0.87307676262277	NA	NA	NA	0.580031639447335	0.549671329425375	NA	NA	0.830934030293502	NA	0.671386877813217	0.620173898496588	NA	NA	1.01461231437192	NA	NA	NA
NA	NA	NA	NA	NA	NA	NA	NA	NA	NA	NA	NA	NA	NA	NA	NA	NA	NA	NA	NA
NA	NA	NA	NA	NA	NA	NA	NA	NA	NA	NA	NA	NA	NA	NA	NA	NA	NA	NA	NA
NA	NA	NA	NA	NA	NA	NA	NA	NA	NA	0.388818906781986	1.03910674739844	0.827703566199332	1.18749428492684	1.69132361887845	1.75349044090897	1.72288197295427	1.79759854601049	NA	NA
NA	NA	NA	NA	NA	NA	NA	NA	NA	NA	NA	NA	NA	NA	NA	NA	NA	NA	NA	NA
NA	NA	NA	NA	0.346287435363995	NA	1.41628985545312	NA	NA	1.0127507958034	NA	NA	0.909342244082172	0.813442483174867	0.84288121998645	NA	NA	1.07669405253644	0.614430083164942	NA
NA	NA	NA	NA	NA	NA	NA	NA	NA	NA	NA	NA	NA	NA	NA	NA	NA	NA	NA	NA
NA	NA	NA	NA	NA	NA	NA	NA	NA	NA	NA	NA	NA	NA	NA	NA	NA	NA	NA	NA
NA	NA	NA	NA	NA	NA	NA	NA	NA	NA	NA	NA	NA	NA	NA	NA	NA	NA	NA	NA
2.91815373314038	NA	NA	NA	NA	NA	NA	0.6625120619276	1.10336772632517	0.715575455507068	1.11416307655179	NA	NA	0.427067174754197	NA	0.754653451310617	NA	NA	NA	NA
NA	NA	NA	NA	NA	NA	NA	NA	NA	NA	NA	NA	NA	NA	NA	NA	NA	NA	NA	NA
NA	NA	NA	NA	NA	NA	NA	NA	NA	NA	NA	NA	NA	NA	NA	NA	NA	NA	NA	NA
NA	NA	NA	NA	NA	NA	NA	NA	NA	NA	NA	NA	NA	NA	NA	NA	NA	NA	NA	NA
NA	NA	NA	NA	NA	NA	NA	NA	NA	NA	NA	NA	NA	NA	NA	NA	NA	NA	NA	NA
NA	NA	0.67575789917028	0.320120115284902	0.286005405743215	NA	0.547408527003282	0.713028677635048	0.869168353599934	0.950430902985468	0.525601955659386	0.304935914282375	0.398207262717515	0.931200208142316	0.398441526808288	0.43255163230074	0.744764245155326	NA	0.943104289790639	1.70628848820037
NA	NA	0.902685573535024	0.19685279237472	0.711803820661275	NA	0.581218470549135	NA	0.321282367569643	NA	NA	NA	NA	NA	NA	1.2155283221703	0.722359627490346	NA	NA	NA
NA	NA	0.834688397711805	0.591733120752424	0.303756640928672	NA	NA	0.558781938787555	NA	NA	NA	NA	NA	NA	NA	2.06555452381787	NA	1.52019495494247	NA	NA
1.43642460957419	NA	0.723050349163606	NA	NA	NA	1.72560433311611	0.288331065599702	0.4756500174485	NA	0.197084668931451	0.134691844607953	0.464277672298555	0.464496213141918	1.86071950757675	NA	NA	NA	0.759819073009738	NA
NA	NA	NA	NA	NA	NA	NA	NA	NA	NA	NA	NA	NA	NA	NA	NA	NA	NA	NA	NA
0.583900192651899	NA	0.664328904822531	NA	0.63522612328525	NA	NA	0.75825618051662	NA	NA	1.01294117760842	NA	1.00781662765801	1.23253311461401	NA	NA	NA	NA	NA	NA
NA	NA	2.50025227194291	1.67260934969587	1.76724483259782	NA	1.84226721576246	1.86208143754919	1.10143163757367	2.03367853758372	2.5948515367782	2.37156503952572	1.79431583425358	NA	1.10304824135608	NA	2.31738536239086	NA	NA	NA
0.296919142251169	NA	NA	0.262450072454893	NA	NA	0.219625770231924	NA	NA	NA	NA	0.732330356138629	NA	NA	NA	0.522978014252998	0.815683352112178	NA	NA	NA
0.776538923799792	0.821223784284496	0.421637173637856	0.379434571488274	NA	NA	0.771649953948048	0.521177582556109	3.18706394865931	1.52266358836289	0.734912003235418	1.94485897911114	0.473932789849063	2.04792390839595	NA	2.45927651105498	2.23404235408906	NA	NA	NA
1.10241237295112	0.618355952883207	0.57101359731577	0.780760204214238	0.134826362526032	NA	NA	NA	0.33898436745544	0.557979522956901	0.607969424541305	0.417180256045714	0.557872762088494	0.806223920290529	0.696520829517409	0.555054863646906	0.348072981044537	0.874500515139196	0.767443508049405	NA
NA	NA	NA	NA	NA	NA	NA	NA	NA	NA	NA	NA	NA	NA	NA	NA	NA	NA	NA	NA
NA	NA	NA	NA	NA	NA	NA	NA	NA	NA	NA	NA	NA	NA	NA	NA	NA	NA	NA	NA
NA	NA	NA	NA	NA	NA	NA	NA	NA	NA	NA	NA	NA	NA	NA	NA	NA	NA	NA	NA
NA	NA	NA	NA	NA	NA	NA	NA	NA	NA	NA	NA	NA	NA	NA	NA	NA	NA	NA	NA
0.936861426502169	NA	0.422259726827929	0.523805495698125	0.571644262572859	NA	NA	0.676046491521583	0.764709119423876	0.872017581401512	0.69148781811524	0.986424895458442	NA	1.13892487639176	1.00555118498539	NA	1.37492378147957	1.45340920022776	1.66190741073123	NA
NA	NA	NA	NA	NA	NA	NA	NA	NA	NA	NA	NA	NA	NA	NA	NA	NA	NA	NA	NA
NA	NA	NA	0.316986591923649	NA	NA	0.362928340178122	NA	0.493169644607676	0.244677991932733	0.47538342420588	0.7739555107033	0.232074119592292	0.524764079800741	0.729489000300231	NA	NA	0.656607806826145	0.88949158150511	NA
NA	NA	NA	NA	NA	NA	NA	NA	NA	NA	NA	NA	NA	NA	NA	NA	NA	NA	NA	NA
NA	0.30362972067139	NA	NA	0.161650782797525	NA	NA	NA	0.372535163184174	0.58436986236029	0.739191199011462	NA	0.516581427820498	0.620941465785451	0.69916880102566	NA	0.791498097060432	0.749138858654827	0.891657508213471	NA
NA	1.26128331609942	0.141029068207112	NA	0.524867690648965	NA	NA	0.184508077756841	NA	0.716502984611899	0.41234617518861	NA	NA	NA	NA	NA	0.701173310030459	0.372539970933861	NA	NA
NA	NA	NA	NA	NA	NA	NA	NA	NA	NA	NA	NA	NA	NA	NA	NA	NA	NA	NA	NA
NA	NA	NA	NA	NA	NA	NA	NA	NA	NA	NA	NA	NA	NA	NA	NA	NA	NA	NA	NA
0.705622055810409	0.534209738409638	NA	NA	0.331843366711233	NA	NA	0.864064905655258	NA	NA	1.19670165219544	NA	NA	1.70063080100094	NA	NA	NA	NA	NA	NA
NA	NA	NA	NA	NA	NA	NA	NA	NA	NA	NA	NA	NA	NA	NA	NA	NA	NA	NA	NA
0.964163564556868	1.09005699552693	NA	0.60907894734044	0.388881501921727	NA	0.697064374624926	NA	NA	NA	1.22065396406162	1.57202746529674	1.80429460796445	2.02981488910957	1.40610201596985	2.4314875573629	NA	1.40432206456828	1.62484839992812	NA
NA	NA	0.320818200312236	NA	0.504830415690753	NA	0.578025290344431	NA	0.825600126599853	0.7150386475504	NA	NA	0.597495747559168	0.709471779971361	NA	NA	NA	NA	NA	0.364233224923347
NA	NA	NA	NA	NA	NA	NA	NA	NA	NA	NA	NA	NA	NA	NA	NA	NA	NA	NA	NA
NA	NA	NA	NA	NA	NA	NA	NA	NA	NA	NA	NA	NA	NA	NA	NA	NA	NA	NA	NA
NA	NA	NA	NA	NA	NA	NA	NA	NA	NA	NA	NA	NA	NA	NA	NA	NA	NA	NA	NA
NA	0.530139614068329	1.18258641575527	0.873389649338768	0.391889605965058	NA	0.663417074417944	0.743048953784667	NA	NA	NA	1.2688623306664	1.44997150835519	NA	NA	NA	NA	2.31841257477438	NA	NA
NA	NA	NA	0.519844855124353	0.367280822440154	NA	NA	0.694228733636393	NA	NA	2.14469284665573	0.490552603283345	1.97787976827279	NA	0.747508949714351	NA	0.381138270081322	0.371971845194236	NA	NA
0.40128929267496	NA	NA	NA	0.273253441232486	NA	0.325668261838527	0.458202080092942	NA	NA	0.986984136184149	1.03630698902938	0.987408441485179	0.748709218208931	NA	NA	0.851363194695615	0.602853460007187	0.667492113688021	NA
NA	NA	NA	NA	NA	NA	NA	NA	NA	NA	NA	NA	NA	NA	NA	NA	NA	NA	NA	NA
0.206154943508372	0.112646422573931	0.536836140629738	NA	0.323694312601313	NA	0.474038199047103	0.279223062150484	0.387331035853208	NA	0.598439713439882	0.59771021846452	0.398423398668831	0.443230576576116	2.02745358099641	NA	0.609420802440064	0.476640083865794	0.440437183848262	NA
0.951362342694957	NA	NA	NA	NA	NA	1.37853562660818	NA	0.600846218600115	0.760417331429682	0.587343685212707	NA	0.579069089260059	0.675628887054701	NA	0.183208221952911	0.229598762366042	NA	NA	0.353609562065417
1.08447533319175	NA	NA	0.862629835683169	NA	NA	NA	NA	0.315242580236525	NA	1.16542990868321	NA	NA	0.708188397829969	NA	1.2863348425984	NA	NA	0.206174763475516	NA
NA	NA	NA	NA	NA	NA	NA	NA	NA	NA	NA	NA	NA	NA	NA	NA	NA	NA	NA	NA
0.651821252801896	0.670701597511661	0.368605028227609	0.558915721073618	0.761060521667346	NA	NA	NA	NA	NA	NA	0.882691744049719	NA	NA	NA	NA	NA	0.45743834416745	1.49453581923824	NA
0.190566971071136	NA	NA	NA	NA	NA	NA	0.205266240869167	NA	NA	NA	NA	NA	0.214147997433694	0.143495395529249	0.481585479391112	0.573603027439586	NA	0.844045391811416	NA
NA	NA	0.272512028666576	NA	NA	NA	NA	0.665642021170271	NA	NA	NA	1.43018175039317	0.53877949591853	NA	1.07477489696204	0.666953300674358	0.644431233079717	NA	NA	NA
0.638566262589866	NA	NA	0.189856009071169	NA	NA	0.280183112441227	NA	0.522656371483109	NA	0.814972384044201	0.967821514787912	0.945414775069568	NA	NA	0.740912620792576	0.581839385577373	NA	NA	NA
NA	NA	NA	NA	NA	NA	NA	NA	NA	NA	NA	NA	NA	NA	NA	NA	NA	NA	NA	NA
NA	2.45310538838283	1.08757936034537	NA	NA	NA	2.37155648354875	2.51991248156674	2.67726266720641	NA	NA	NA	NA	NA	NA	1.8980311378211	NA	NA	NA	NA
NA	NA	NA	NA	NA	NA	NA	NA	NA	NA	NA	NA	NA	NA	NA	NA	NA	NA	NA	NA
NA	NA	NA	NA	NA	NA	NA	NA	NA	NA	NA	NA	NA	NA	NA	NA	NA	NA	NA	NA
NA	0.684844683472628	NA	NA	0.210201916709101	NA	0.664167251798808	NA	0.472024338304993	NA	NA	NA	0.658695199083214	NA	NA	NA	0.739340188088654	NA	NA	1.01595530031867
NA	NA	NA	NA	NA	NA	NA	NA	NA	NA	NA	NA	NA	NA	NA	NA	NA	NA	NA	NA
NA	NA	NA	NA	NA	NA	NA	NA	NA	NA	NA	NA	NA	NA	NA	NA	NA	NA	NA	NA
NA	1.88236972988879	NA	0.224062377324912	0.237846157438439	NA	NA	0.19496985678089	NA	NA	0.225087045355926	NA	NA	NA	NA	0.508684770607224	0.41986137863892	NA	NA	NA
NA	NA	NA	NA	NA	NA	NA	NA	NA	NA	NA	NA	NA	NA	NA	NA	NA	NA	NA	NA
NA	NA	1.35365635852386	1.36901536982467	NA	NA	1.77634302258696	NA	NA	NA	2.0478877045201	2.31003065768992	1.6393650761067	NA	NA	2.04957242138089	NA	NA	1.82538452040717	NA
NA	NA	NA	NA	NA	NA	NA	NA	NA	NA	NA	NA	NA	NA	NA	NA	NA	NA	NA	NA
1.12484650317451	NA	1.41468909314614	NA	0.697288304884233	NA	1.5775922371821	NA	NA	1.75023691044748	1.57456817837337	2.4117844925154	0.967494074000468	1.85760562431741	NA	2.13310346707034	1.64512094283341	NA	1.80138757309345	NA
NA	NA	NA	NA	NA	NA	NA	NA	NA	NA	NA	NA	NA	NA	NA	NA	NA	NA	NA	NA
NA	NA	NA	NA	NA	NA	NA	NA	NA	NA	NA	NA	NA	NA	NA	NA	NA	NA	NA	NA
NA	NA	NA	NA	NA	NA	NA	NA	NA	NA	NA	NA	NA	NA	NA	NA	NA	NA	NA	NA
1.77044002579564	NA	1.45478569419816	2.54674651460002	0.79547597490619	NA	2.054947194783	1.77733406966403	2.84034847360278	3.05689826279633	2.80719836848046	2.40182821079349	2.77856273997545	NA	1.60920758542467	NA	NA	3.012593238209	NA	NA
NA	NA	0.902261190148604	NA	NA	NA	0.482847475229001	NA	NA	NA	NA	NA	NA	NA	1.38700529344964	0.745929193169587	1.41077993034047	0.799794575611103	NA	NA
NA	NA	NA	NA	NA	NA	NA	NA	NA	NA	NA	NA	NA	NA	NA	NA	NA	NA	NA	NA
NA	NA	NA	NA	NA	NA	NA	NA	NA	NA	NA	NA	NA	NA	NA	NA	NA	NA	NA	NA
1.10794792781087	1.22640634512931	NA	NA	NA	NA	0.464311619975413	1.81637753488894	0.361443889070752	NA	0.762135258605641	0.863767873145259	NA	NA	0.765535578978917	NA	NA	NA	NA	NA
NA	NA	NA	NA	NA	NA	NA	NA	NA	NA	NA	NA	NA	NA	NA	NA	NA	NA	NA	NA
NA	NA	NA	NA	NA	NA	NA	NA	NA	NA	NA	NA	NA	NA	NA	NA	NA	NA	NA	NA
NA	NA	0.682948244350226	0.614558033704918	NA	NA	NA	0.531597202468691	NA	NA	1.18334456617883	NA	NA	NA	NA	1.62294367008151	1.47979456427213	NA	NA	NA
NA	NA	NA	NA	NA	NA	NA	NA	NA	NA	NA	NA	NA	NA	NA	NA	NA	NA	NA	NA
NA	NA	NA	NA	NA	NA	NA	NA	NA	NA	NA	NA	NA	NA	NA	NA	NA	NA	NA	NA
NA	NA	NA	NA	NA	NA	NA	NA	NA	NA	NA	NA	NA	NA	NA	NA	NA	NA	NA	NA
NA	NA	NA	NA	NA	NA	NA	NA	NA	NA	NA	NA	NA	NA	NA	NA	NA	NA	NA	NA
NA	NA	NA	NA	NA	NA	NA	NA	NA	NA	NA	NA	NA	NA	NA	NA	NA	NA	NA	NA
0.918323100530095	NA	0.31184827053312	0.574113125850319	0.527527489599661	NA	0.293983688593778	1.52442581737143	0.582513398046772	1.3767402432092	0.979541100643057	NA	1.20380754106883	0.720832317735208	0.56510777662765	1.10969302871141	1.26198200863295	1.05743001088366	1.12853193453428	NA
0.492205387036231	NA	1.50463427114682	1.55255859536769	1.32293651014062	NA	NA	0.138396030863649	0.884342717341892	0.43417383503819	0.311802108167641	0.546292495896256	0.249433752889219	NA	NA	1.2478763220492	0.831424254421973	NA	0.690657396492116	NA
NA	NA	NA	NA	NA	NA	NA	NA	NA	NA	NA	NA	NA	NA	NA	NA	NA	NA	NA	NA
0.907400946699593	NA	0.631981469423723	0.689019502340866	0.682322316971111	NA	0.621701952722993	NA	NA	0.180843533900131	NA	0.816116877232484	0.785759364033053	1.29266414802929	0.918365141098945	1.22055963051321	NA	NA	0.324649027667565	NA
NA	NA	0.228226017642414	NA	0.573726188097668	NA	0.323729578348997	NA	NA	0.199980536926738	0.676641629142759	0.587016333928753	0.525690153144268	0.574279156487091	NA	NA	NA	NA	NA	NA
NA	NA	NA	NA	NA	NA	NA	NA	NA	NA	NA	NA	NA	NA	NA	NA	NA	NA	NA	NA
NA	0.987261907320221	0.291920750870278	NA	0.832235697135612	NA	2.3239898442174	0.389030504293184	0.285895236772091	0.773054545188639	1.45113927718837	1.48171354805846	1.16103821216177	1.10508285660207	NA	1.70006385243529	NA	1.03712311830926	0.151543592679372	1.88739827280323
0.329372295462333	NA	0.564245343370271	0.530960779471682	0.548305215038503	NA	NA	NA	NA	2.46617111483494	1.72903739608291	NA	1.6833969144251	0.898576487583984	NA	2.18100323079745	1.60788524748348	NA	0.94601116996804	NA
NA	NA	NA	NA	NA	NA	NA	NA	NA	NA	NA	NA	NA	NA	NA	NA	NA	NA	NA	NA
NA	NA	NA	NA	NA	NA	NA	NA	NA	NA	NA	NA	NA	NA	NA	NA	NA	NA	NA	NA
2.13280978655095	NA	0.893178266320733	NA	NA	NA	NA	1.25154740481893	2.11803552835845	1.92380102787012	NA	2.93605250237113	1.62836700663559	2.17474283005021	NA	NA	2.02316824764954	NA	1.37713495852079	NA
NA	NA	0.962366649900346	0.455504573488341	NA	NA	NA	NA	NA	1.31690664031419	NA	NA	0.684484650616826	NA	NA	0.914082283547305	1.10002421478997	NA	1.32737555037444	NA
0.925023336290743	1.51701015744154	0.704866185926536	0.367933317882552	NA	NA	0.817052108298336	1.62784873378385	0.651535807899795	NA	NA	1.21850916532126	0.663339626450776	NA	0.416351169605832	1.01749095535435	1.45700847797829	1.50698289233517	1.67810484820471	NA
2.27573196767609	NA	1.67259766197942	NA	NA	NA	1.93327384870422	2.08652420750424	2.28510143741469	NA	1.4588537314683	1.65627868254288	2.0229723583489	1.73671986591771	NA	2.04382526494187	NA	NA	1.91506835061005	NA
NA	NA	NA	NA	NA	NA	NA	NA	NA	NA	NA	NA	NA	NA	NA	NA	NA	NA	NA	NA
NA	NA	0.339152707602592	NA	0.419034877223517	NA	0.29970439574796	0.648751106978151	NA	NA	0.9824673465455	0.99826137642647	NA	NA	1.06941095689826	NA	0.544284832104412	NA	NA	NA
NA	NA	NA	NA	NA	NA	NA	NA	NA	NA	NA	NA	NA	NA	NA	NA	NA	NA	NA	NA
0.789734932711279	NA	NA	0.778282856135617	0.84801278779166	NA	NA	1.63961588046245	1.93180261828167	1.550553970424	NA	NA	NA	NA	1.76604164474188	1.58015018208958	1.80885588412872	NA	NA	NA
NA	NA	NA	NA	NA	NA	NA	NA	NA	NA	NA	NA	NA	NA	NA	NA	NA	NA	NA	NA
0.592180106857663	0.911426767837213	NA	NA	NA	NA	0.688870186506038	NA	1.00364705269179	0.936200395597623	NA	0.596258755397413	1.2863925241528	NA	1.10704708180481	0.886807831078451	1.07801358078651	NA	NA	NA
NA	NA	NA	NA	NA	NA	NA	NA	NA	NA	NA	NA	NA	NA	NA	NA	NA	NA	NA	NA
NA	NA	NA	NA	NA	NA	NA	NA	NA	NA	NA	NA	NA	NA	NA	NA	NA	NA	NA	NA
NA	NA	NA	NA	NA	NA	NA	NA	NA	NA	NA	NA	NA	NA	NA	NA	NA	NA	NA	NA
NA	NA	NA	0.692638122933192	0.760690929758988	NA	NA	0.895985891705303	0.694840072085656	0.955013705729849	1.02704446527146	0.833247245219116	0.730598239880303	0.860178427761727	0.708915616310032	NA	NA	NA	NA	NA
NA	NA	NA	NA	NA	NA	NA	NA	NA	NA	NA	NA	NA	NA	NA	NA	NA	NA	NA	NA
NA	0.114382097538158	0.485692331551636	NA	NA	NA	0.444121012416773	NA	NA	0.184349513390988	0.66752955575788	NA	0.870070691340996	NA	NA	1.04409671047442	0.851250016989875	NA	0.694967630741763	NA
0.599519585079222	NA	0.929784104634055	0.961646891729956	0.731189178449106	NA	0.734160506344948	1.15539032338984	0.853599318091499	0.676022225028496	0.530340061731645	0.236946643075293	0.647679422415827	0.231954850413546	NA	0.859416401713404	0.804407838443414	1.98566164533211	1.00397384562188	NA
NA	NA	NA	NA	NA	NA	NA	NA	NA	NA	NA	NA	NA	NA	NA	NA	NA	NA	NA	NA
NA	NA	NA	NA	NA	NA	NA	NA	NA	NA	NA	NA	NA	NA	NA	NA	NA	NA	NA	NA
NA	NA	NA	NA	NA	NA	NA	NA	NA	NA	NA	NA	NA	NA	NA	NA	NA	NA	NA	NA
NA	1.98011792411592	1.75008972590156	2.11673036714488	1.75851777368554	NA	2.01328091471298	0.708023253689584	1.13342426201113	NA	1.15191957816416	1.6749735185165	2.16884856438917	2.14670985402288	1.05485668605981	1.97052713576992	1.71511678149163	0.586201609282321	1.42354912812487	NA
0.842395083492722	0.668500561739194	1.51927128909638	0.18017524855764	1.43463484635501	NA	1.01018653853512	1.6200100347483	NA	1.96405441836855	1.61716023422965	1.87582269732466	NA	2.5012659765344	0.536810404590771	0.453609927454587	1.22142224530629	0.915392874429647	1.01588046012562	NA
NA	NA	NA	NA	NA	NA	NA	NA	NA	NA	NA	NA	NA	NA	NA	NA	NA	NA	NA	NA
NA	NA	NA	NA	NA	NA	NA	NA	NA	NA	NA	NA	NA	NA	NA	NA	NA	NA	NA	NA
NA	0.929513733004507	0.665622226615225	0.738178778753243	0.776976222940561	NA	NA	NA	1.16183568067783	NA	NA	1.19733530025451	NA	1.41343102820956	2.66418851962844	NA	1.95475639305386	NA	1.23263435380138	NA
NA	NA	NA	NA	NA	NA	NA	NA	NA	NA	NA	NA	NA	NA	NA	NA	NA	NA	NA	NA
NA	NA	NA	NA	NA	NA	NA	NA	NA	NA	NA	NA	NA	NA	NA	NA	NA	NA	NA	NA
NA	NA	0.521639624772559	0.793558872026114	NA	NA	0.431820081001188	0.793225313858607	0.952847927111965	1.28485026753536	0.218264376209015	0.908524251945124	NA	0.942685967429624	1.01999827361807	0.266781767403894	1.1007400417381	1.15601303312666	NA	1.5337763727473
0.47915649938699	0.69551926208789	NA	0.752135160837695	0.383291730148389	NA	1.05117578449737	1.07986345373992	0.925051985150251	1.55961739911109	1.06806793033165	1.52032891449533	1.37324331590625	2.03412535326178	1.89448763121951	NA	1.86277974820831	NA	1.20419934295207	NA
0.804177042434962	NA	0.512809934264409	0.696973186744441	NA	NA	0.490130912291997	0.391159174897784	0.435780821904942	NA	0.681104271897681	1.78205732641625	NA	NA	NA	NA	0.916321300778047	NA	1.57578747362753	NA
NA	NA	NA	NA	NA	NA	NA	NA	NA	NA	NA	NA	NA	NA	NA	NA	NA	NA	NA	NA
1.24981164783854	1.47625901575631	NA	0.506952649662451	2.18564720293784	NA	NA	NA	NA	0.564484752418274	0.842388125839275	0.594561523983578	1.02708095702162	NA	NA	NA	NA	NA	NA	NA
NA	NA	NA	NA	NA	NA	NA	NA	NA	NA	NA	NA	NA	NA	NA	NA	NA	NA	NA	NA
NA	NA	NA	NA	NA	NA	NA	NA	NA	NA	NA	NA	NA	NA	NA	NA	NA	NA	NA	NA
NA	NA	NA	NA	NA	NA	NA	NA	NA	NA	NA	NA	NA	NA	NA	NA	NA	NA	NA	NA
NA	NA	NA	NA	NA	NA	NA	NA	NA	NA	NA	NA	NA	NA	NA	NA	NA	NA	NA	NA
NA	NA	NA	NA	NA	NA	NA	NA	NA	NA	NA	NA	NA	NA	NA	NA	NA	NA	NA	NA
NA	NA	NA	NA	NA	NA	NA	NA	NA	NA	NA	NA	NA	NA	NA	NA	NA	NA	NA	NA
NA	NA	NA	NA	NA	NA	NA	NA	NA	NA	NA	NA	NA	NA	NA	NA	NA	NA	NA	NA
NA	NA	NA	NA	NA	NA	NA	NA	NA	NA	NA	NA	NA	NA	NA	NA	NA	NA	NA	NA
2.72322865378	2.17048800855315	NA	NA	2.3364571323374	NA	2.39318758453982	NA	2.44032045823829	2.65112794306124	2.10037894598331	2.34197544940583	2.47132408432116	NA	2.07018720834531	NA	NA	NA	2.65930028238317	NA
NA	NA	NA	NA	NA	NA	NA	NA	NA	NA	NA	NA	NA	NA	NA	NA	NA	NA	NA	NA
0.762604462150716	0.57358528881822	0.646207146500336	NA	0.494434351577056	NA	0.566078241312895	NA	NA	NA	0.74005423524959	0.902161081686836	0.722588614524215	NA	NA	1.07347080755113	NA	0.803440396664239	NA	NA
NA	NA	NA	NA	NA	NA	NA	NA	NA	NA	NA	NA	NA	NA	NA	NA	NA	NA	NA	NA
1.13555902636231	NA	NA	0.595883404238406	NA	NA	1.27173774382295	NA	NA	NA	NA	1.25668726765019	0.87412620191877	NA	NA	1.41241111132963	NA	1.34752452693472	NA	0.597146075279402
NA	NA	NA	NA	NA	NA	NA	NA	NA	NA	NA	NA	NA	NA	NA	NA	NA	NA	NA	NA
1.16811633137251	0.857798823268444	NA	0.512738930191547	NA	NA	0.31957885844737	0.474496028052153	0.599468058001185	NA	1.41106432994756	NA	0.743303181877494	0.594931890320865	NA	NA	0.766352200423755	NA	NA	NA
NA	NA	NA	NA	0.475913282275274	NA	NA	0.694853119493371	0.773280902087439	0.393092243943883	NA	NA	NA	NA	0.695054392318065	NA	1.14382445403364	1.10042018631302	NA	NA
NA	NA	NA	NA	NA	NA	NA	NA	NA	NA	NA	NA	NA	NA	NA	NA	NA	NA	NA	NA
1.27460162843898	0.727299692902457	NA	1.16065196707794	0.696364423285835	NA	0.855936323485393	NA	0.585941761098772	0.801181734697299	0.86231643049688	NA	0.875775434222294	NA	1.34824695888504	NA	NA	NA	1.25338551912433	NA
0.645082611025334	NA	NA	0.235995988305869	NA	NA	0.384852995750958	0.481575009964661	0.66311707227765	0.653304961474986	NA	0.616184157091749	NA	0.454574700876834	NA	0.855375273939458	1.02026317923173	NA	NA	NA
NA	NA	NA	NA	NA	NA	NA	NA	NA	NA	NA	NA	NA	NA	NA	NA	NA	NA	NA	NA
1.02919568115731	NA	0.783799359034869	0.516665682475303	0.421627659346047	NA	NA	0.47289845839347	NA	0.260173461786192	NA	0.191553351471325	0.538817389160777	NA	NA	NA	NA	0.365013270785048	NA	NA
1.03846755397938	0.926082741377937	0.466564504103955	0.683551443576902	NA	NA	0.500783180672661	NA	0.638476309732099	1.26407370882264	0.446871202451579	NA	0.630838408607175	1.23694788869784	0.891982546869723	1.7571441457721	0.488091191024689	NA	0.647799095869062	0.511106504501154
1.02768055025683	1.67275869963949	0.532671435882115	2.13190544281231	2.17659024592282	NA	1.9617464030412	0.548773880464373	1.72768325664576	NA	NA	NA	1.19110585225408	NA	NA	NA	2.02264432566821	1.52105791185038	NA	NA
NA	NA	NA	NA	NA	NA	NA	NA	NA	NA	NA	NA	NA	NA	NA	NA	NA	NA	NA	NA
0.022614465400449	1.74159590754667	0.634243443981802	0.975927942095831	0.86827341151947	NA	0.31107943028914	0.406685105946645	NA	NA	0.447704591274326	0.804384934900626	NA	0.558103745077386	NA	0.737101582020526	0.737270213269481	1.44842606477733	1.20621152028443	NA
NA	NA	NA	NA	NA	NA	NA	NA	NA	NA	NA	NA	NA	NA	NA	NA	NA	NA	NA	NA
NA	NA	NA	NA	NA	NA	NA	NA	NA	NA	NA	NA	NA	NA	NA	NA	NA	NA	NA	NA
NA	NA	NA	NA	NA	NA	NA	NA	NA	NA	NA	NA	NA	NA	NA	NA	NA	NA	NA	NA
1.88304046385923	2.23045574542107	1.34185550144884	1.0883858750828	1.12126366187747	NA	1.18410081021754	NA	NA	2.576391124159	1.87664195821194	1.37856719096414	2.05769406467027	NA	2.43278718915453	1.10327875997319	1.37816394644969	1.5783496788273	1.40678685982932	NA
NA	1.55839988161023	0.90221629654442	NA	1.61518117277933	NA	1.12736493796219	NA	NA	1.38339985528243	0.778988195093207	0.923298809335724	1.12622889883154	NA	0.640412050330909	NA	0.681014590922099	NA	NA	NA
NA	NA	NA	NA	NA	NA	NA	NA	NA	NA	NA	NA	NA	NA	NA	NA	NA	NA	NA	NA
NA	NA	NA	NA	NA	NA	NA	NA	NA	NA	NA	NA	NA	NA	NA	NA	NA	NA	NA	NA
1.05098221555818	NA	0.58650885446125	NA	0.475447797304551	NA	0.403874935606208	NA	NA	NA	0.217843606836676	0.0654274359784855	NA	NA	NA	0.198607090144324	0.477709824936353	0.884691532532815	1.01283551190166	NA
NA	NA	1.57560748547082	NA	1.16064276193414	NA	1.7772558175235	0.685565976524642	1.4206767168147	2.32124633029673	1.18210291160694	NA	1.16415409357922	NA	NA	0.975442386062693	NA	1.28688792210631	0.668540922536506	1.666542338507
NA	2.36044946562063	NA	NA	2.34401382404134	NA	2.31524265074709	2.77115592458834	NA	NA	2.31480701527903	2.57503104902171	NA	2.52552350141495	NA	2.62215927934388	2.72173856182934	NA	NA	2.53485174116126
1.59781150536491	3.4395580025941	1.07075014708716	0.575456489056072	NA	NA	0.326945280683228	NA	NA	NA	1.54851480451233	NA	1.30570031354898	1.1160585159486	1.39257441549033	NA	NA	NA	NA	NA
NA	0.164650841536266	0.502795652109564	0.726988334822782	NA	NA	NA	NA	NA	1.21907555716536	2.80996348402948	NA	NA	NA	NA	0.569753321129923	1.54970380984038	2.76273932626899	1.51811748774277	NA
0.452263785331994	NA	1.10136944613326	NA	0.416695038007168	NA	0.339800703741878	0.76579624615774	0.643584315502163	NA	NA	NA	NA	0.509507874719722	NA	NA	0.428918004223978	NA	NA	NA
NA	NA	NA	NA	NA	NA	NA	NA	NA	NA	NA	NA	NA	NA	NA	NA	NA	NA	NA	NA
NA	NA	NA	NA	NA	NA	NA	NA	NA	NA	NA	NA	NA	NA	NA	NA	NA	NA	NA	NA
NA	0.695966087605511	0.509693095852191	0.567307955916633	0.473070469208836	NA	0.546995682055415	0.578565201981228	0.541236021202813	1.31198243367339	0.289566586138394	0.272639908529298	0.642747096617419	0.170476365989273	0.962433098184094	NA	NA	0.40339362581607	NA	NA
0.80466507300854	NA	0.683024855221229	0.612371036131372	0.309400632061655	NA	NA	NA	NA	NA	0.806842866793982	0.727184591597983	NA	NA	NA	NA	1.0567676128994	0.515263132258838	NA	NA
NA	NA	NA	NA	NA	NA	NA	NA	NA	NA	NA	NA	NA	NA	NA	NA	NA	NA	NA	NA
0.542997367894308	NA	0.591156681175837	0.501563133140252	NA	NA	0.577803092165575	NA	NA	0.49332969786731	NA	1.32120221651452	NA	1.27601436935178	NA	1.36490064717402	NA	NA	NA	NA
NA	NA	NA	NA	NA	NA	1.26132241431065	2.40022214888087	NA	1.01486870458908	NA	1.37521523402927	2.27954271433001	1.32547106369694	NA	NA	2.2557643979425	1.84982266171263	1.95216493582437	2.07868557360879
2.42092787392858	NA	NA	2.48250547516363	1.0978261541283	NA	0.899061173191081	1.12189317452998	NA	NA	NA	NA	2.54357251609816	NA	NA	NA	1.88045601134899	3.03495173389097	NA	NA
NA	NA	NA	NA	NA	NA	NA	NA	NA	NA	NA	NA	NA	NA	NA	NA	NA	NA	NA	NA
NA	NA	0.959863406180604	0.721833616313999	2.41471252349942	NA	0.511130602229026	0.864768641396015	0.718030954525042	NA	NA	NA	0.966944199747735	0.968922739901395	1.53523814936167	NA	NA	0.629269218976353	1.52176078837551	NA
NA	NA	NA	NA	NA	NA	NA	1.21158409160249	NA	0.957115398910671	NA	0.526024618351375	0.646112066504251	1.05420401412458	0.534145959940725	NA	0.791384343994471	NA	0.739733186465511	NA
1.53650599160782	NA	NA	NA	0.226172545109611	NA	0.498670689636558	NA	NA	NA	1.58151923494323	0.985666307085713	NA	NA	NA	0.62965658720245	0.712826289190168	0.713402408723892	NA	NA
NA	NA	NA	NA	NA	NA	NA	NA	NA	NA	NA	NA	NA	NA	NA	NA	NA	NA	NA	NA
NA	NA	0.237805190645298	0.429561282598011	0.114413987321335	NA	0.816780226987108	NA	NA	0.891827211229777	1.21923142641183	1.32000227706207	1.35352070507678	1.3663681112592	NA	NA	NA	NA	NA	NA
NA	NA	NA	NA	NA	NA	NA	NA	NA	NA	NA	NA	NA	NA	NA	NA	NA	NA	NA	NA
0.927311157480237	0.404263916707337	0.777481005459882	0.880047047589858	0.214890627895273	NA	NA	NA	NA	0.288077662154183	0.525350115586457	0.355209099035948	NA	NA	0.565098169546115	0.470294534497795	NA	NA	0.534478979979827	0.363000572901918
0.358109911721357	1.20037641541332	NA	NA	NA	NA	NA	0.74285479665492	0.709847603496117	1.08104499415325	0.881026828079435	NA	NA	NA	NA	1.34404462878978	NA	1.33929605793031	1.11055015536373	NA
NA	NA	NA	NA	NA	NA	NA	NA	NA	NA	NA	NA	NA	NA	NA	NA	NA	NA	NA	NA
1.13404401186195	NA	NA	0.7726347586625	0.951697654122334	NA	NA	0.622338115607246	NA	NA	0.639053372599047	NA	NA	NA	1.97519311313188	NA	0.876106900679362	NA	NA	NA
NA	NA	NA	NA	NA	NA	NA	NA	NA	NA	NA	NA	NA	NA	NA	NA	NA	NA	NA	NA
0.45989918628455	NA	1.01441852729312	0.364719329958951	NA	NA	0.991002691398472	0.921877567033793	0.775411193361342	0.728775848458585	NA	0.908342745232208	NA	0.962674639696665	0.739076267420121	0.852063718207392	NA	0.290219767280185	NA	NA
NA	NA	NA	NA	NA	NA	NA	NA	NA	NA	NA	NA	NA	NA	NA	NA	NA	NA	NA	NA
1.63345611873597	NA	NA	NA	NA	NA	0.849699828783463	NA	0.803102295731021	0.802082941434856	1.44889743770294	1.00106638255979	0.86077714894161	NA	NA	1.39775945941287	1.43612624243552	NA	NA	NA
NA	1.41480908148638	NA	NA	0.472028151753431	NA	NA	NA	1.50752935830816	2.07214504613451	NA	0.993961845399878	NA	NA	1.5101531311093	1.22948666926696	0.525414892550254	NA	1.21616047252535	NA
NA	NA	NA	NA	NA	NA	NA	NA	NA	NA	NA	NA	NA	NA	NA	NA	NA	NA	NA	NA
NA	NA	0.793378533655586	0.255469928400402	0.238592744038551	NA	0.239191787637466	0.710212610593194	NA	NA	NA	0.90917004708037	0.742035513223892	NA	NA	NA	0.699212458007696	NA	0.782841118252103	NA
1.00609031253477	NA	0.734775148400342	0.969412727891631	1.02875699774521	NA	0.680989326073356	0.438907103635581	0.395877220161593	0.718395666625331	0.295414863478095	NA	0.419884659188589	0.560332688984368	NA	NA	0.46829980715991	0.319363372703859	NA	NA
0.474725825451323	NA	NA	NA	0.530600462573844	NA	0.636277303991037	0.707731313743879	NA	0.834693811266996	NA	NA	NA	1.19432646664434	0.82962838579105	1.04952418280246	1.56109220826224	NA	NA	NA
NA	NA	NA	NA	0.928237486921367	NA	NA	0.903341718984454	NA	NA	1.28092423789489	NA	NA	1.23913924902474	0.887559525207248	NA	NA	NA	1.27812550126859	NA
NA	NA	NA	NA	NA	NA	NA	NA	NA	NA	NA	NA	NA	NA	NA	NA	NA	NA	NA	NA
NA	NA	NA	NA	NA	NA	NA	NA	NA	NA	NA	NA	NA	NA	NA	NA	NA	NA	NA	NA
NA	NA	1.45978678456757	NA	NA	NA	NA	NA	NA	0.938001744634335	1.00263290514094	NA	NA	1.05059616726989	0.875837727622098	NA	2.58100057621828	NA	NA	NA
NA	NA	NA	NA	NA	NA	NA	NA	NA	NA	NA	NA	NA	NA	NA	NA	NA	NA	NA	NA
NA	0.544304733244889	NA	NA	NA	NA	NA	0.859545632530278	0.799271758599556	NA	NA	NA	1.3794254429305	NA	1.15149891583424	1.48895263975137	NA	NA	NA	NA
NA	NA	NA	NA	NA	NA	NA	NA	NA	NA	NA	NA	NA	NA	NA	NA	NA	NA	NA	NA
NA	NA	NA	NA	NA	NA	NA	NA	NA	NA	NA	NA	NA	NA	NA	NA	NA	NA	NA	NA
NA	NA	NA	NA	NA	NA	NA	NA	NA	NA	NA	NA	NA	NA	NA	NA	NA	NA	NA	NA
NA	NA	0.886832798446957	0.56083034136402	0.534639463496968	NA	1.96053008596322	0.609923382855938	NA	NA	0.526916480587635	0.68140750185815	0.736472088198434	NA	0.923619238731017	NA	0.591801802108919	0.559766543811744	NA	0.89542821690105
NA	NA	NA	NA	NA	NA	NA	NA	NA	NA	NA	NA	NA	NA	NA	NA	NA	NA	NA	NA
NA	NA	NA	NA	NA	NA	NA	NA	NA	NA	NA	NA	NA	NA	NA	NA	NA	NA	NA	NA
1.37699654575167	NA	NA	NA	1.92203760880845	NA	NA	1.10341106399758	NA	NA	1.9048671230454	1.44124687138649	1.60275730890221	1.73142464308503	NA	NA	NA	NA	NA	1.50466347863387
0.427419507407023	0.527572567189049	NA	0.949932182368312	0.669425961603801	NA	0.531828779400382	0.64717852860879	0.293093119696393	NA	1.02183683665502	0.584879752175525	0.452742041685867	0.586755703436948	0.712316325957595	0.507291395357929	0.8549143469284	NA	NA	NA
NA	NA	NA	NA	NA	NA	NA	NA	NA	NA	NA	NA	NA	NA	NA	NA	NA	NA	NA	NA
NA	NA	NA	NA	NA	NA	NA	NA	NA	NA	NA	NA	NA	NA	NA	NA	NA	NA	NA	NA
NA	NA	NA	NA	NA	NA	NA	NA	NA	NA	NA	NA	NA	NA	NA	NA	NA	NA	NA	NA
NA	NA	NA	NA	NA	NA	NA	NA	NA	NA	NA	NA	NA	NA	NA	NA	NA	NA	NA	NA
NA	NA	NA	NA	NA	NA	NA	NA	NA	NA	NA	NA	NA	NA	NA	NA	NA	NA	NA	NA
NA	0.763357822890557	NA	NA	0.850482369545951	NA	NA	NA	1.11540231126588	1.57324980616499	1.8620730547156	1.50718891427838	NA	0.932484018003133	NA	1.1192669612813	0.607237342630047	NA	NA	NA
0.830339349380582	NA	NA	0.633246770490824	NA	NA	0.206521836295388	0.406558760793247	NA	NA	NA	1.05610806546992	1.30649711673106	NA	NA	NA	0.932309104561398	0.951511188909021	NA	NA
NA	NA	NA	NA	NA	NA	NA	NA	NA	NA	NA	NA	NA	NA	NA	NA	NA	NA	NA	NA
NA	NA	NA	NA	NA	NA	NA	NA	NA	NA	NA	NA	NA	NA	NA	NA	NA	NA	NA	NA
0.223739730207839	NA	NA	2.32297640899975	2.69212213016215	NA	NA	NA	NA	NA	NA	NA	0.694592769796641	1.23845241464638	NA	1.94255511081384	NA	NA	NA	NA
NA	NA	NA	NA	NA	NA	NA	NA	NA	NA	NA	NA	NA	NA	NA	NA	NA	NA	NA	NA
NA	NA	1.28574610914148	0.595573854615613	NA	NA	0.767785661433839	1.4917715529742	NA	NA	NA	0.720147264433438	NA	NA	NA	NA	1.58171380887602	NA	1.9052007686792	NA
0.137029453036469	0.678747480528763	0.814469452005859	0.684410063363195	0.864677581149149	NA	0.702257917286279	NA	0.697629975696426	0.475297895907836	0.901023777297626	NA	0.959829375998105	NA	1.1462182322448	NA	0.987486971634996	NA	1.11352366623668	NA
0.505226950515694	NA	0.500519610430558	1.5460984293361	0.67331644813874	NA	0.512057894962853	0.836607219662912	NA	0.683259033834721	1.15541873822647	NA	1.72056392486886	1.28195289492613	NA	1.76051418618278	1.3994350402278	0.948470413465469	1.54418988286376	NA
NA	NA	NA	NA	NA	NA	NA	NA	NA	NA	NA	NA	NA	NA	NA	NA	NA	NA	NA	NA
0.988255114230636	1.86985107636663	0.590603278460125	0.739874956715547	NA	NA	0.926113745676192	0.821844336214711	0.637230729672734	NA	NA	NA	0.812946683992358	1.16374198143447	NA	NA	0.816557893408526	NA	0.496696604245378	NA
NA	NA	NA	NA	NA	NA	NA	NA	NA	NA	NA	NA	NA	NA	NA	NA	NA	NA	NA	NA
NA	NA	NA	NA	NA	NA	0.765319823618325	NA	NA	1.13256923667855	NA	NA	1.22739602465397	NA	1.09386099569689	1.26834696772708	NA	NA	0.152294437620427	NA
NA	1.30190799219435	0.918616257162031	NA	1.046636467954	NA	1.32241530390188	NA	1.18644754358197	1.13069259360898	2.58174494414382	2.70230042268698	0.848248110239174	0.599938419304813	0.604546562376189	1.19689175114115	NA	NA	NA	NA
0.422648463567398	NA	0.679908230098974	NA	0.439645227301539	NA	0.667658025660189	NA	1.38310910361196	NA	NA	0.606521784879344	1.41189831451981	NA	1.7689310803696	0.979993017741454	0.809055120359607	1.37490903998923	NA	NA
NA	NA	NA	NA	NA	NA	NA	NA	NA	NA	NA	NA	NA	NA	NA	NA	NA	NA	NA	NA
NA	NA	NA	NA	NA	NA	NA	NA	NA	NA	NA	NA	NA	NA	NA	NA	NA	NA	NA	NA
NA	NA	NA	NA	NA	NA	NA	NA	NA	NA	NA	NA	NA	NA	NA	NA	NA	NA	NA	NA
NA	NA	NA	NA	NA	NA	NA	NA	NA	NA	NA	NA	NA	NA	NA	NA	NA	NA	NA	NA
0.357853747323245	NA	NA	NA	NA	NA	NA	0.875778088665975	NA	NA	NA	NA	0.847460818968161	0.890761705005225	0.809107229760588	0.871896509790751	NA	NA	NA	NA
NA	NA	NA	NA	NA	NA	NA	NA	NA	NA	NA	NA	NA	NA	NA	NA	NA	NA	NA	NA
NA	NA	NA	NA	NA	NA	NA	NA	NA	NA	NA	NA	NA	NA	NA	NA	NA	NA	NA	NA
0.283119213966393	0.728067429282422	0.525503930678842	NA	0.811847910037129	NA	NA	NA	NA	0.946737875479775	0.540756705226619	1.16813197148156	NA	0.894492463190702	NA	NA	NA	0.59435337668278	NA	NA
NA	NA	NA	NA	NA	NA	NA	NA	NA	NA	NA	NA	NA	NA	NA	NA	NA	NA	NA	NA
NA	NA	NA	NA	NA	NA	NA	NA	NA	NA	NA	NA	NA	NA	NA	NA	NA	NA	NA	NA
NA	NA	NA	NA	NA	NA	NA	NA	NA	NA	NA	NA	NA	NA	NA	NA	NA	NA	NA	NA
0.699781307797472	NA	0.223562830777412	0.740642924345361	0.599830855177936	NA	0.47665243368702	0.864088561704615	0.794909894141323	1.10240725179155	0.865090254452009	1.80800576035375	0.746800821646697	NA	0.17434085559463	NA	0.725563595787895	0.614932560326776	NA	0.60801278606877
0.74558725690302	0.752868393028113	1.06920930657746	1.92062225155737	0.704895424321959	NA	1.10090028998619	NA	0.878055801425392	0.873632346898817	NA	0.726528949750994	NA	0.715461070545155	NA	0.460428773570276	NA	NA	NA	NA
NA	NA	NA	NA	1.32285180353315	NA	0.777802015117381	NA	0.570404541501497	NA	NA	NA	0.846252043196551	0.524550759122124	NA	1.33208497695432	0.73849154748228	NA	NA	NA
NA	NA	NA	NA	NA	NA	NA	NA	NA	NA	NA	NA	NA	NA	NA	NA	NA	NA	NA	NA
NA	0.840596322378945	0.287827358335204	0.524534942022248	0.505556634916505	NA	0.311613843320322	0.686541723497481	0.700394049819924	0.174562269136955	NA	0.401822448212471	0.727815476326703	0.536441258079349	1.29053066430547	0.28946932125457	0.712794338841244	NA	1.12940763522189	1.01220381847763
0.888897632782097	NA	1.12959017519491	NA	NA	NA	NA	0.799371626531276	NA	1.17479287246418	NA	NA	NA	NA	1.96831270754252	NA	1.58910619882319	NA	NA	NA
NA	NA	NA	NA	NA	NA	NA	NA	NA	NA	NA	NA	NA	NA	NA	NA	NA	NA	NA	NA
0.996754169329736	1.14522682525965	0.101672031196235	0.607807266113617	0.575255417164804	NA	NA	0.624613546162492	NA	0.996074061426758	0.972604253428791	0.76288310764871	0.740757249732482	0.395120911300655	0.735399260262002	0.973948420152849	NA	0.809842428979562	0.756914476672993	1.2703947762904
NA	0.274998086214182	0.284956012562287	0.468189435882396	NA	NA	0.138842621800024	2.17110611111325	NA	NA	0.577908067103513	0.326333891406047	0.371900452451413	0.459753436309435	0.445237053003865	0.89373977722302	1.52286957331038	NA	NA	NA
NA	NA	NA	NA	NA	NA	NA	NA	NA	NA	NA	NA	NA	NA	NA	NA	NA	NA	NA	NA
NA	NA	NA	NA	NA	NA	NA	NA	NA	NA	NA	NA	NA	NA	NA	NA	NA	NA	NA	NA
NA	NA	0.592374560997994	NA	0.440972080860366	NA	NA	NA	0.860417146783397	NA	NA	0.858554592487429	0.702710212639146	0.365516482222933	0.511441298538468	0.609098726636969	NA	NA	1.5795506025192	NA
NA	NA	NA	NA	NA	NA	NA	NA	NA	NA	NA	NA	NA	NA	NA	NA	NA	NA	NA	NA
0.475412511655007	NA	NA	NA	NA	NA	0.517923912118139	NA	0.944197144648817	0.833270141480867	NA	NA	NA	NA	0.746757085989566	1.18970441132967	NA	NA	NA	NA
NA	NA	NA	NA	NA	NA	NA	NA	NA	NA	NA	NA	NA	NA	NA	NA	NA	NA	NA	NA
1.41784635743508	1.6298544617424	NA	NA	0.94797770489187	NA	NA	0.915295596362314	NA	NA	NA	NA	NA	0.796535539663338	0.887305231199402	0.872316111997296	NA	NA	NA	NA
NA	NA	NA	NA	NA	NA	NA	NA	NA	NA	NA	NA	NA	NA	NA	NA	NA	NA	NA	NA
1.18280839771783	NA	2.52335452440261	2.37432884247337	0.317946495071814	NA	1.74839607395681	0.507810971891771	0.596557761409854	0.892625781607462	NA	1.76965832101923	1.01388419278965	0.709626729707542	NA	1.20125434423166	1.10069657499833	NA	NA	NA
NA	NA	NA	NA	NA	NA	NA	NA	NA	NA	NA	NA	NA	NA	NA	NA	NA	NA	NA	NA
NA	NA	NA	NA	NA	NA	NA	NA	NA	NA	NA	NA	NA	NA	NA	NA	NA	NA	NA	NA
1.25825390144297	1.28081417052256	1.35103766987799	NA	1.12286243843324	NA	0.934027206063939	0.91711574494169	NA	1.15605333511105	1.0960643605157	1.04339806233819	1.2260699493565	NA	1.19609221079757	1.34536720746022	1.15017872769011	NA	NA	NA
NA	NA	NA	NA	NA	NA	NA	NA	NA	NA	NA	NA	NA	NA	NA	NA	NA	NA	NA	NA
0.396724710986535	0.316840241246651	NA	NA	1.38069632270739	NA	NA	1.01460890002507	1.13748506644612	NA	NA	NA	NA	1.54864160586591	NA	NA	0.625193607923371	NA	NA	NA
NA	NA	NA	NA	NA	NA	NA	NA	NA	NA	NA	NA	NA	NA	NA	NA	NA	NA	NA	NA
NA	NA	NA	NA	NA	NA	NA	NA	NA	NA	NA	NA	NA	NA	NA	NA	NA	NA	NA	NA
2.1119764759258	NA	1.10749225058464	NA	NA	NA	1.71342575573459	1.23124238066442	NA	NA	1.1800329731487	1.12616834658778	2.04206008602845	1.35002239909874	1.39712495446968	1.7895000576829	NA	1.54396235705759	0.724595677920108	NA
NA	NA	NA	NA	NA	NA	NA	NA	NA	NA	NA	NA	NA	NA	NA	NA	NA	NA	NA	NA
NA	NA	NA	NA	NA	NA	NA	NA	NA	NA	NA	NA	NA	NA	NA	NA	NA	NA	NA	NA
NA	NA	NA	NA	NA	NA	NA	NA	NA	NA	NA	NA	NA	NA	NA	NA	NA	NA	NA	NA
NA	NA	NA	0.912244936877606	0.62173108295205	NA	0.978178566497412	NA	NA	1.47781288802491	1.20830828287249	NA	NA	NA	NA	NA	NA	1.09817640105569	NA	NA
NA	NA	NA	NA	NA	NA	NA	NA	NA	NA	NA	NA	NA	NA	NA	NA	NA	NA	NA	NA
NA	NA	NA	NA	0.350529342432486	NA	NA	NA	NA	1.3825626357981	NA	0.486483687061697	NA	NA	0.53292842544996	0.52465317669169	NA	0.867940128191727	NA	1.06406857764797
NA	NA	NA	NA	NA	NA	NA	NA	NA	NA	NA	NA	NA	NA	NA	NA	NA	NA	NA	NA
0.629797651547423	0.54212864869057	0.506339794830713	0.6905268377968	0.394289246557492	NA	0.595732912241586	NA	1.18417377351167	0.9853294726607	1.10948956673671	1.07050222473629	1.09005753008363	0.791720752498481	0.555470588937074	0.254059475589763	1.35354865815105	0.824575870881735	0.527053130030368	1.24227715970866
NA	0.451361403711694	NA	NA	0.770068308193944	NA	NA	0.623650265262902	0.303090016582874	0.821435611927974	0.672284538969035	0.83099961547675	0.682321669494939	0.488840465393234	0.217357834621074	NA	1.29805380014579	NA	0.632685333872389	NA
NA	NA	NA	NA	NA	NA	NA	NA	NA	NA	NA	NA	NA	NA	NA	NA	NA	NA	NA	NA
NA	NA	NA	NA	NA	NA	NA	NA	NA	NA	NA	NA	NA	NA	NA	NA	NA	NA	NA	NA
NA	NA	NA	NA	NA	NA	NA	NA	NA	NA	NA	NA	NA	NA	NA	NA	NA	NA	NA	NA
NA	NA	NA	NA	NA	NA	NA	NA	NA	NA	NA	NA	NA	NA	NA	NA	NA	NA	NA	NA
NA	NA	NA	NA	NA	NA	NA	NA	NA	NA	NA	NA	NA	NA	NA	NA	NA	NA	NA	NA
NA	NA	NA	NA	NA	NA	NA	NA	NA	NA	NA	NA	NA	NA	NA	NA	NA	NA	NA	NA
NA	NA	0.639033672911545	0.49089523419775	NA	NA	NA	1.5924973204544	NA	1.74081989361839	1.54796913274043	NA	NA	NA	NA	NA	1.03728295927148	1.61972752234842	1.80836844208814	NA
NA	NA	NA	NA	NA	NA	NA	NA	NA	NA	NA	NA	NA	NA	NA	NA	NA	NA	NA	NA
NA	NA	1.02005591446566	NA	NA	NA	0.750236873596343	0.733454938554339	NA	NA	NA	NA	0.81494940021454	0.32394631063046	NA	0.428465961613568	0.721670479833737	0.260492906876713	NA	NA
NA	NA	NA	NA	NA	NA	NA	NA	NA	NA	NA	NA	NA	NA	NA	NA	NA	NA	NA	NA
NA	NA	NA	NA	NA	NA	NA	NA	NA	NA	NA	NA	NA	NA	NA	NA	NA	NA	NA	NA
NA	NA	NA	NA	NA	NA	NA	NA	NA	NA	NA	NA	NA	NA	NA	NA	NA	NA	NA	NA
NA	NA	NA	0.823520420910088	1.26667370472503	NA	NA	0.814465314282918	NA	NA	NA	NA	NA	0.960358035694029	0.887753294783985	NA	1.75312759456002	2.41298767458486	NA	NA
NA	NA	NA	NA	NA	NA	NA	NA	NA	NA	NA	NA	NA	NA	NA	NA	NA	NA	NA	NA
NA	NA	NA	NA	NA	NA	NA	NA	NA	NA	NA	NA	NA	NA	NA	NA	NA	NA	NA	NA
NA	NA	NA	NA	NA	NA	NA	NA	NA	NA	NA	NA	NA	NA	NA	NA	NA	NA	NA	NA
NA	NA	0.74590950955044	0.399885696415867	NA	NA	NA	NA	0.272949818756508	NA	0.456683135890309	NA	0.223998245182377	NA	NA	0.381913566969721	NA	NA	NA	NA
1.47943032583719	NA	0.486992130100299	1.73246689467019	0.420933470615134	NA	0.530644363960339	0.519562543480666	NA	NA	NA	NA	NA	1.19764217012545	NA	1.26931207128294	1.14086063852338	NA	1.05377181882139	NA
NA	NA	NA	NA	NA	NA	0.680744762233808	1.2058400864174	2.14722385820898	0.630829236403519	NA	0.810543096018832	NA	NA	0.652968344464792	NA	2.37599416240869	NA	NA	NA
NA	NA	NA	NA	NA	NA	NA	NA	NA	NA	NA	NA	NA	NA	NA	NA	NA	NA	NA	NA
NA	NA	1.28115624415715	1.77585295980153	NA	NA	NA	0.304396662681792	0.939836369378576	0.654730406698634	0.672077971175854	NA	0.99735416627535	1.38455875503905	2.07795336700632	0.400933699089457	NA	NA	2.1914758832648	NA
NA	NA	NA	1.35134612102533	0.92570415197741	NA	NA	NA	NA	NA	0.995382589073075	0.452643370794806	0.969505203023272	1.58704476103885	NA	1.27247719937248	NA	NA	NA	NA
0.8439035658109	NA	1.27237569286992	0.596306282813204	0.416057444412961	NA	NA	0.403979360926239	NA	0.909100941230878	0.705730255459747	0.98805768134426	NA	0.560244075316866	NA	0.782010594042162	0.88489769050922	0.909578137847386	0.307276214828319	0.159079781929885
2.80162656700256	NA	NA	0.63031954386179	0.928305275684007	NA	NA	NA	1.55095953549353	0.798081444884913	0.806636766145302	0.999195449931137	1.4715547631241	NA	1.48961590808208	1.40035323095343	1.32471279122839	NA	NA	NA
0.87622037952457	1.08874005416548	0.205417756185182	0.260700334332263	0.268171101221993	NA	0.523773225957157	0.372813009023586	1.39323332442182	1.18861193390509	NA	2.4414123976759	NA	1.81827945496035	1.40621288153077	1.7416524253596	1.18904036582668	NA	0.827982623850087	NA
NA	NA	NA	NA	NA	NA	NA	NA	NA	NA	NA	NA	NA	NA	NA	NA	NA	NA	NA	NA
NA	NA	NA	NA	NA	NA	NA	NA	NA	NA	NA	NA	NA	NA	NA	NA	NA	NA	NA	NA
1.31239534279706	NA	NA	0.599644044020326	NA	NA	1.09359754031871	NA	NA	1.28816661659096	1.01402382892423	0.941652460112692	0.983114730759327	NA	0.957369542579026	0.901956936276892	NA	NA	1.71425852670688	NA
NA	NA	NA	NA	NA	NA	NA	NA	NA	NA	NA	NA	NA	NA	NA	NA	NA	NA	NA	NA
NA	NA	NA	NA	NA	NA	NA	NA	NA	NA	NA	NA	NA	NA	NA	NA	NA	NA	NA	NA
NA	NA	NA	NA	NA	NA	NA	NA	NA	NA	NA	NA	NA	NA	NA	NA	NA	NA	NA	NA
NA	NA	NA	NA	NA	NA	NA	NA	NA	NA	NA	NA	NA	NA	NA	NA	NA	NA	NA	NA
NA	NA	NA	NA	NA	NA	NA	NA	NA	NA	NA	NA	NA	NA	NA	NA	NA	NA	NA	NA
1.41394731209369	0.535881283583963	2.28733425956398	0.8781683495602	0.37765387950064	NA	0.883759807241963	0.987993304653471	1.40592493640196	1.37025802658636	1.08810731610396	0.867320142953885	1.49581594523747	NA	NA	1.3726315094676	1.54198688039096	0.900133218192139	1.21531863359231	NA
NA	NA	1.46690166420801	0.619025145560568	NA	NA	NA	NA	1.97886040458964	2.11766606145496	NA	NA	0.575504604443351	1.2351905838606	NA	NA	NA	NA	NA	NA
NA	NA	NA	NA	0.191000586498467	NA	0.76293578263928	1.00091446697317	NA	NA	NA	NA	1.7997735377457	NA	NA	NA	2.11303342444076	NA	2.64701067609962	NA
NA	NA	0.358946323456066	0.246356162398497	NA	NA	0.414538724134081	0.40430145658311	NA	0.573017495466039	NA	0.268695930514965	NA	0.493770630767322	0.27451459332481	NA	1.17125146995084	NA	NA	1.17692417347073
NA	NA	1.02258561385938	NA	NA	NA	1.08741355345343	NA	NA	0.621191996736144	0.371263583157431	NA	0.357065473135031	NA	NA	0.905595419440332	0.526354630145639	0.849300519530474	NA	NA
0.47637179356085	0.51715141634553	NA	0.599684393839184	0.542947391590875	NA	1.93951042013606	0.82012817205388	2.44289656493474	NA	0.398780086542445	0.740728098532267	1.11941389175421	0.953818569223795	0.971959900375346	1.26344418336068	0.750696293547421	0.622309491297355	NA	NA
1.20693681861432	0.603073485389357	0.777901797608742	1.19242768085363	1.72243247697549	NA	NA	0.640497913760475	0.693110920577435	1.44256498346279	1.08862440943936	1.24728315897833	NA	1.60934583687609	NA	NA	NA	NA	NA	2.09035286848834
NA	NA	NA	NA	NA	NA	NA	NA	NA	NA	NA	NA	NA	NA	NA	NA	NA	NA	NA	NA
NA	NA	NA	NA	NA	NA	NA	NA	NA	NA	NA	NA	NA	NA	NA	NA	NA	NA	NA	NA
NA	NA	NA	NA	NA	NA	NA	NA	NA	NA	NA	NA	NA	NA	NA	NA	NA	NA	NA	NA
NA	NA	NA	0.199094438323019	0.366725343887393	NA	0.541152884067662	NA	NA	NA	NA	NA	0.671015498265041	1.03271268761632	NA	NA	1.30424582315218	NA	NA	NA
0.32441638310885	NA	NA	NA	NA	NA	NA	NA	0.451527987929109	NA	0.303323486862338	NA	NA	0.515510555284621	NA	NA	0.954055628790481	0.837075974604483	NA	NA
NA	NA	NA	NA	NA	NA	NA	NA	NA	NA	NA	NA	NA	NA	NA	NA	NA	NA	NA	NA
NA	NA	NA	NA	NA	NA	NA	NA	NA	NA	NA	NA	NA	NA	NA	NA	NA	NA	NA	NA
0.623847984831305	NA	NA	0.185118587019966	NA	NA	0.428702782792309	NA	NA	NA	1.18856156826279	0.884654596771626	1.41708528354937	1.30724713248256	1.2209452924454	NA	NA	0.57188217630033	0.899227929334306	NA
NA	NA	NA	NA	0.459495808564357	NA	NA	0.762908135589722	0.832495454460003	0.797794634541741	NA	0.964380137419381	NA	NA	NA	NA	NA	0.83024511059727	NA	NA
NA	0.816709792249937	NA	0.924135526277295	0.770896894175622	NA	NA	0.920526643879327	0.637909401724946	NA	0.321639192463566	1.25607316912105	0.907678630378043	1.15309832318444	0.594405564527196	0.0895699576776985	0.289259439982266	NA	NA	0.621105435688593
2.25164585272273	1.03943762653444	1.17003442573396	1.11448522205613	NA	NA	0.73581273484848	0.46830048807349	0.102260691505968	0.964697476081162	2.48344687469114	0.542274648911702	1.0470815162623	1.37651022264768	1.53192299071698	1.2594839085607	1.48145766584315	NA	NA	NA
NA	NA	NA	NA	NA	NA	0.324892886290094	0.215130103963308	NA	1.61160601995225	0.379173996005199	NA	0.301873978620566	0.616756878458079	1.47171790227881	0.830211004750283	NA	NA	1.16422566322162	NA
NA	NA	NA	NA	NA	NA	NA	NA	NA	NA	NA	NA	NA	NA	NA	NA	NA	NA	NA	NA
NA	NA	0.804954507894743	0.60170364788718	NA	NA	1.02662231591343	0.368572419687467	NA	NA	0.943751127637985	NA	NA	NA	NA	NA	NA	0.99793176275389	NA	NA
1.17393314163239	1.2081020418714	NA	0.739333331796481	NA	NA	NA	0.460905400038928	NA	NA	0.625012644414961	0.899109694866158	NA	1.21971536929685	NA	NA	NA	NA	NA	NA
NA	NA	2.26392943514634	1.93845046861779	NA	NA	NA	NA	0.360142218882644	0.460726779139328	NA	NA	NA	NA	NA	0.375198366587771	1.33110062271064	NA	1.82348191999538	NA
NA	NA	NA	NA	NA	NA	NA	NA	NA	NA	NA	NA	NA	NA	NA	NA	NA	NA	NA	NA
NA	NA	NA	NA	NA	NA	NA	NA	NA	NA	NA	NA	NA	NA	NA	NA	NA	NA	NA	NA
NA	NA	NA	NA	NA	NA	NA	NA	NA	NA	NA	NA	NA	NA	NA	NA	NA	NA	NA	NA
NA	NA	NA	NA	NA	NA	NA	NA	NA	NA	NA	NA	NA	NA	NA	NA	NA	NA	NA	NA
NA	0.616084756525694	0.653383506001684	0.525273024276632	0.309356491999008	NA	NA	NA	NA	NA	0.539505392529905	NA	NA	0.951848038539666	0.457545026884211	0.557069934533877	NA	NA	NA	NA
0.542549264640339	NA	NA	0.100730359111724	0.700914264847673	NA	0.384361366031011	NA	NA	NA	NA	NA	NA	0.763822598865445	0.665712338305424	1.07602026961191	NA	0.271418075759207	NA	NA
NA	NA	NA	NA	NA	NA	NA	NA	NA	NA	NA	NA	NA	NA	NA	NA	NA	NA	NA	NA
NA	NA	NA	NA	NA	NA	NA	NA	NA	NA	NA	NA	NA	NA	NA	NA	NA	NA	NA	NA
1.00297605405937	NA	NA	NA	0.860363051792978	NA	0.250563182052721	NA	NA	0.778875160645537	1.21654333608052	0.83664131521798	NA	2.09108730710987	1.27733536759648	1.40918338182371	NA	NA	1.20089466629104	NA
NA	NA	NA	NA	NA	NA	NA	NA	NA	NA	NA	NA	NA	NA	NA	NA	NA	NA	NA	NA
NA	NA	NA	NA	NA	NA	NA	NA	NA	NA	NA	NA	NA	NA	NA	NA	NA	NA	NA	NA
0.567104393923442	NA	0.490108428509019	0.270747724522725	0.110921777700892	NA	0.275188793304763	0.14916620116977	0.561717866661415	NA	0.769749919844655	0.634878285057084	0.361970409730906	NA	1.96741537693898	NA	1.62686226637737	0.633848287299715	NA	NA
NA	NA	NA	NA	NA	NA	NA	NA	NA	NA	NA	NA	NA	NA	NA	NA	NA	NA	NA	NA
NA	NA	NA	NA	NA	NA	NA	NA	NA	NA	NA	NA	NA	NA	NA	NA	NA	NA	NA	NA
NA	NA	NA	NA	NA	NA	NA	NA	NA	NA	NA	NA	NA	NA	NA	NA	NA	NA	NA	NA
NA	NA	NA	NA	NA	NA	NA	NA	NA	NA	NA	NA	NA	NA	NA	NA	NA	NA	NA	NA
NA	NA	1.3288093798473	1.24068424834822	0.747042521458204	NA	NA	0.900211775352938	1.00063935004905	1.81333517133355	0.810350593972381	1.20404368782059	NA	NA	NA	0.403474876183118	0.958905505201302	1.20469438910864	NA	1.01626711871182
NA	NA	NA	NA	0.414095299742754	NA	NA	0.496690297258377	NA	NA	0.823697867898476	NA	NA	1.15179325666099	NA	1.33745561214663	NA	1.91584972423367	1.35237423210384	NA
NA	NA	NA	NA	NA	NA	NA	NA	NA	NA	NA	NA	NA	NA	NA	NA	NA	NA	NA	NA
0.628251296598051	0.549304983685499	NA	0.798875902711239	0.576760121144496	NA	NA	NA	NA	NA	NA	1.28262851684888	NA	NA	NA	NA	NA	0.496390214186134	NA	NA
NA	NA	NA	NA	NA	NA	NA	NA	NA	NA	NA	NA	NA	NA	NA	NA	NA	NA	NA	NA
NA	NA	NA	NA	NA	NA	NA	NA	NA	NA	NA	NA	NA	NA	NA	NA	NA	NA	NA	NA
0.625918764130392	0.740172188908176	0.86650417466359	0.585353707400865	0.57836274767073	NA	NA	NA	NA	1.04711543120025	1.4180200007673	1.62840491378716	NA	1.33349975536138	NA	1.39908142420031	1.47627065281222	NA	1.38232821185657	NA
0.677765103626608	0.997028690014181	NA	1.61961849925908	0.763353000277845	NA	NA	0.21744341307772	0.839918668501099	0.552003746711061	NA	0.802375973028331	0.694127662869638	NA	0.791581211415319	0.239916915125697	0.442399055371965	0.504543777785784	0.610079011615859	NA
NA	NA	NA	NA	NA	NA	0.979264200408669	0.76927706706976	NA	NA	0.993750510956927	0.924343557507547	0.622128600511575	NA	NA	1.76340397379535	NA	NA	NA	NA
NA	NA	0.448721768328119	0.333168353856263	1.48173440974294	NA	NA	NA	NA	NA	NA	1.15350871282817	0.799986547579597	NA	NA	1.86584271539129	1.89494336134429	NA	NA	NA
NA	NA	NA	NA	NA	NA	NA	NA	NA	NA	NA	NA	NA	NA	NA	NA	NA	NA	NA	NA
NA	NA	NA	NA	NA	NA	NA	NA	NA	NA	NA	NA	NA	NA	NA	NA	NA	NA	NA	NA
NA	NA	0.831851640298285	0.812501004419499	0.52049960660768	NA	NA	NA	NA	NA	NA	NA	1.49788780903041	1.83052902125593	1.57789442623763	2.12065841357556	1.98855863543872	NA	NA	NA
NA	NA	NA	NA	NA	NA	NA	NA	NA	NA	NA	NA	NA	NA	NA	NA	NA	NA	NA	NA
NA	NA	NA	NA	NA	NA	NA	NA	NA	NA	NA	NA	NA	NA	NA	NA	NA	NA	NA	NA
1.16238128591713	0.948471301973311	0.847766741317731	0.592023504676816	0.896992366288334	NA	0.557596352018411	1.42020145080701	0.642158715712443	0.605067867297595	0.784074348772066	0.850093879133944	1.28827517237039	NA	0.962084174581656	1.80937509361312	1.80736266951269	0.407004338024281	NA	NA
0.799156126335717	0.350910230008569	0.586801369953153	0.499052811304342	0.658062624187119	NA	0.597033355306321	0.688135292491769	1.1529465542502	0.833322733474117	0.532833344784238	0.612234999605801	0.720750738041305	1.11953822634276	NA	0.483324339722196	1.03834725240354	0.769396277399025	0.463049332339241	0.691429629776964
NA	NA	NA	NA	NA	NA	NA	NA	NA	NA	NA	NA	NA	NA	NA	NA	NA	NA	NA	NA
NA	NA	NA	NA	NA	NA	NA	NA	NA	NA	NA	NA	NA	NA	NA	NA	NA	NA	NA	NA
1.16974452631386	NA	NA	NA	0.470211858476015	NA	0.632759114771402	0.6376061408325	0.159930635234109	2.44922268139203	0.601821204923565	0.346704404456211	0.17961169994664	0.456272015062424	0.301464549702868	0.415658400907055	0.539031198823051	0.44918162381703	1.53785838498686	NA
NA	NA	NA	NA	NA	NA	NA	NA	NA	NA	NA	NA	NA	NA	NA	NA	NA	NA	NA	NA
0.905487994104499	NA	NA	1.01374982746049	0.92677519976903	NA	0.107883236571375	0.596335926167639	NA	NA	0.562451542715136	0.476619981506506	0.337251802942666	0.554618543824801	NA	0.812296020654786	NA	0.534359179928207	NA	0.776105446417115
0.519525714391656	0.948561286628556	0.616027192452093	0.497599846663297	NA	NA	0.936964647932712	0.495149033174066	NA	0.868764090747266	0.975289051951643	0.97697160489989	1.33357782303458	NA	0.910050779661924	0.701111979444585	0.660037009164402	0.41390142894662	0.868074944372044	0.763884559246181
NA	2.14487388785809	1.61527949307683	2.10009794170092	NA	NA	NA	2.25787461893032	2.65524287570419	2.00395379783085	1.85640745069166	1.79643397374205	1.91334600226846	1.94334325510667	1.48849369907001	1.47004108527997	1.85240545438351	1.87916175253644	2.03138091310619	NA
1.03985897163994	NA	NA	NA	0.37105758556614	NA	0.658069982176129	NA	0.0926773094205332	NA	0.157950983670421	NA	NA	NA	NA	0.783562281052641	1.35748585741014	NA	NA	NA
NA	0.48034338398004	0.755687160691005	NA	NA	NA	NA	0.432365944846174	0.375942663632714	NA	0.37541858116472	1.51443607295863	0.832521624040782	NA	0.699062545805804	NA	1.41992253610505	NA	NA	NA
1.11758686279336	0.68424924270714	NA	0.696574679728759	NA	NA	0.551021945851203	NA	0.685925444826582	0.769049115858271	0.503072213477239	0.739312801167468	NA	0.548140999446063	0.632248018002147	1.05746468155979	NA	NA	NA	NA
1.15740857679955	NA	1.11940430359317	NA	1.45490608154606	NA	NA	NA	2.54526177563767	1.04320189114477	0.863819062612051	NA	0.865536236360731	1.27564174942253	NA	NA	2.24966059653065	1.74855468242209	NA	NA
NA	NA	NA	NA	NA	NA	NA	NA	NA	NA	NA	NA	NA	NA	NA	NA	NA	NA	NA	NA
NA	NA	NA	NA	NA	NA	NA	NA	NA	NA	NA	NA	NA	NA	NA	NA	NA	NA	NA	NA
NA	NA	NA	NA	NA	NA	NA	NA	NA	NA	NA	NA	NA	NA	NA	NA	NA	NA	NA	NA
1.00050332452305	0.955147346492854	0.620876772527281	0.747250016969245	0.93881710197994	NA	0.414093521781685	0.713055929373401	0.924100336542281	1.01709709028686	1.6292745934843	1.09908027963051	0.95168447829178	0.938086000771985	1.31228712720489	1.29646189248352	1.21715300511021	0.906535509334988	0.681886001416451	NA
NA	1.29445337086963	1.01076560765937	NA	NA	NA	NA	NA	1.33619367406667	NA	1.43798417191636	1.96420792134758	NA	NA	1.91655285150697	1.35647897041115	1.297746109371	1.02919894531482	NA	NA
NA	NA	NA	NA	NA	NA	NA	NA	NA	NA	NA	NA	NA	NA	NA	NA	NA	NA	NA	NA
NA	NA	NA	NA	NA	NA	NA	NA	NA	NA	NA	NA	NA	NA	NA	NA	NA	NA	NA	NA
0.65729646804905	0.319585520801829	0.442743692005088	NA	NA	NA	0.503850090422566	0.854174806063518	NA	0.579534662374839	0.359849407924391	1.681011019434	0.778696058268804	1.08325530160603	1.1389186635267	1.07961242581839	0.996802064619991	2.06778677665437	1.72406720044443	1.72638250949669
NA	NA	0.734845877147352	NA	0.417175589784058	NA	0.374491846057052	NA	0.698112138445205	0.88169984977343	0.972027775637871	0.724001842734521	NA	NA	NA	NA	0.830956870598303	NA	NA	NA
0.878480273610153	NA	NA	NA	NA	NA	0.210951422379592	NA	NA	0.74674643479398	0.687713957219638	NA	1.38721974957283	NA	NA	1.11622566864131	1.74096261137307	NA	0.449211277048759	NA
0.829465695679752	NA	0.249714801249518	0.922147896101339	NA	NA	NA	NA	0.619240403142215	NA	0.444514902477316	0.5513677366409	NA	0.673805859984803	NA	NA	0.877619112567045	NA	NA	NA
NA	NA	NA	NA	NA	NA	NA	NA	NA	NA	NA	NA	NA	NA	NA	NA	NA	NA	NA	NA
NA	NA	NA	NA	NA	NA	NA	NA	NA	NA	NA	NA	NA	NA	NA	NA	NA	NA	NA	NA
1.04641572816399	NA	0.148975176004235	NA	NA	NA	0.486413291122478	NA	NA	1.31015420251451	NA	0.982993458605527	NA	NA	2.41230918769686	2.41213447507874	NA	1.27694929312553	1.52977180400743	NA
NA	NA	1.07841989259558	1.41183539258328	NA	NA	2.02085570188719	1.43361827211699	2.01843302529139	2.1345336505316	NA	2.00806866015448	2.46117015771341	2.48839836811206	NA	1.93083176516988	1.86331504432612	NA	NA	0.691319410110208
0.714186695436148	0.645103210944922	0.725165558050392	0.393194712722215	0.55351920922417	NA	0.609222630829078	0.860751940075926	1.02946451704272	NA	0.269663037307963	0.399993871829218	0.566202617345613	0.568162759655994	0.624588906666638	NA	NA	1.1572160027898	NA	1.35060847147892
0.721911680156851	1.63772049271356	0.333046050500539	0.699653794046915	0.341064074317057	NA	0.483526661137456	0.971612303503167	1.8908934183704	1.35968524703296	0.284857645365425	0.419281682483738	0.762211456239386	1.36939613214613	NA	0.574420403252373	0.33912735943715	0.850187806224116	NA	0.62275186319788
0.900244989831137	NA	NA	0.338070097663302	0.387301652083395	NA	NA	0.567633311581478	NA	NA	1.1233882499447	NA	NA	1.1734696978341	NA	NA	NA	NA	0.825146199238837	NA
NA	NA	NA	NA	NA	NA	NA	NA	NA	NA	NA	NA	NA	NA	NA	NA	NA	NA	NA	NA
NA	NA	NA	NA	NA	NA	NA	NA	NA	NA	NA	NA	NA	NA	NA	NA	NA	NA	NA	NA
NA	NA	NA	NA	NA	NA	NA	NA	NA	NA	NA	NA	NA	NA	NA	NA	NA	NA	NA	NA
NA	NA	NA	NA	NA	NA	NA	NA	NA	NA	NA	NA	NA	NA	NA	NA	NA	NA	NA	NA
NA	NA	NA	NA	NA	NA	NA	NA	NA	NA	NA	NA	NA	NA	NA	NA	NA	NA	NA	NA
0.514699935582598	NA	0.502954044643739	NA	0.623192086182507	NA	1.91198698008031	0.446478007482107	0.678167238125413	NA	0.46999501864839	0.560240788823103	NA	0.472635383583674	NA	1.72083922450736	NA	1.08575017406295	NA	NA
NA	NA	NA	NA	NA	NA	NA	NA	NA	NA	NA	NA	NA	NA	NA	NA	NA	NA	NA	NA
NA	NA	NA	NA	NA	NA	NA	NA	NA	NA	NA	NA	NA	NA	NA	NA	NA	NA	NA	NA
0.934976713318111	0.567613621958557	0.559155467715818	NA	NA	NA	NA	NA	0.959598374582152	1.2625785166783	0.833752165529539	0.990031008846374	0.976183348962415	1.96611047969357	0.864428640082072	NA	1.21387194126591	NA	NA	NA
NA	NA	NA	NA	NA	NA	NA	NA	NA	NA	NA	NA	NA	NA	NA	NA	NA	NA	NA	NA
0.902281344399443	NA	0.76102474836104	0.201254275781972	0.490275595228586	NA	0.560534287272991	NA	0.347571474291817	1.04734973616611	0.388953168200252	0.691535027606096	0.960975137716569	1.91198299127795	0.324147548809573	0.62417214035344	0.822680463805894	0.599238718873358	NA	0.620725501626154
0.616410245854962	NA	NA	NA	NA	NA	1.15685084129098	NA	1.10081638126331	1.49428678722396	NA	NA	1.57640152630541	NA	NA	NA	1.56116884517997	NA	NA	NA
NA	NA	NA	NA	NA	NA	NA	NA	NA	NA	NA	NA	NA	NA	NA	NA	NA	NA	NA	NA
NA	NA	NA	2.04302479447838	1.36913303521705	NA	2.15550332751177	2.16350685354136	2.1283382344794	NA	2.30493194483334	2.50339147817568	2.35758811021319	NA	2.13491362987636	NA	2.10897699889438	NA	1.76856102827115	NA
NA	NA	NA	NA	NA	NA	NA	NA	NA	NA	NA	NA	NA	NA	NA	NA	NA	NA	NA	NA
NA	0.346011554064942	0.524921362928171	0.518996147972837	1.24565927255456	NA	0.598274505338016	NA	NA	1.42255620652694	1.66897266911634	1.3256655512477	1.32355438989958	NA	NA	NA	NA	1.705481051275	NA	NA
NA	NA	NA	NA	NA	NA	NA	NA	NA	NA	NA	NA	NA	NA	NA	NA	NA	NA	NA	NA
NA	NA	NA	NA	NA	NA	NA	NA	NA	NA	NA	NA	NA	NA	NA	NA	NA	NA	NA	NA
NA	NA	NA	NA	1.4446640786564	NA	NA	NA	NA	0.506990156746983	NA	0.541097162207878	NA	NA	NA	0.761570688757622	0.709366872378988	NA	0.506599126906157	NA
NA	NA	NA	NA	NA	NA	NA	NA	NA	NA	NA	NA	NA	NA	NA	NA	NA	NA	NA	NA
NA	NA	NA	NA	NA	NA	NA	NA	NA	NA	NA	NA	NA	NA	NA	NA	NA	NA	NA	NA
0.322847417215572	1.72134109883288	NA	0.706693508311483	0.966401193337609	NA	NA	1.48690713743082	1.88551678843617	0.708183266664872	NA	1.62406256263785	1.89871974076846	1.71914970015028	NA	1.71331430187346	1.4565407841073	NA	NA	NA
NA	NA	NA	NA	NA	NA	NA	NA	NA	NA	NA	NA	NA	NA	NA	NA	NA	NA	NA	NA
1.2681395326811	0.3257400771416	NA	0.430115197482387	NA	NA	2.25559758849671	0.945713000211594	0.431015665899358	1.29611412072929	0.929467520650928	NA	NA	1.15914841973575	0.480596721154779	1.16927452971425	1.06922719464023	NA	0.797195935904562	NA
0.911608114815815	NA	0.918928207166495	0.653257966322291	0.602183644959343	NA	NA	0.494575868573157	NA	NA	0.710081384339276	0.946980718508597	0.947458589872937	0.905610001906994	NA	1.1607935520051	NA	0.967569516581669	NA	0.761756649993135
NA	NA	NA	NA	NA	NA	NA	NA	NA	NA	NA	NA	NA	NA	NA	NA	NA	NA	NA	NA
1.00342809017415	NA	0.369593059323075	0.16502362272005	0.322976502056792	NA	NA	0.501272149904472	NA	NA	0.586211671581496	0.847260321751064	0.803647705978378	0.718907953598381	NA	0.827342098581113	NA	0.635233788698366	NA	0.666996721818163
0.884802096305811	0.409402528074577	NA	0.412446526382524	NA	NA	NA	NA	0.569376231246085	1.4427917476865	1.2013433531712	NA	1.05181771828405	1.06419283609318	NA	1.09561898629012	1.16639409371686	NA	0.222742716598265	NA
NA	NA	NA	NA	NA	NA	NA	NA	NA	NA	NA	NA	NA	NA	NA	NA	NA	NA	NA	NA
NA	NA	NA	NA	NA	NA	NA	NA	NA	NA	NA	NA	NA	NA	NA	NA	NA	NA	NA	NA
1.05303442058174	1.76649176823615	NA	0.635401082719481	0.497078653627811	NA	NA	NA	NA	1.49001863509269	1.22881915178752	1.59780236335195	NA	NA	NA	NA	NA	1.53252524863198	NA	2.23221587779684
1.89065558087204	NA	0.681942434336091	NA	0.651877516622079	NA	0.91780243290715	0.880170829939326	1.19278315504904	NA	1.08351311763801	1.5917347658557	2.42113221845939	NA	NA	1.25878592899476	1.01241611700172	NA	NA	NA
NA	NA	NA	NA	NA	NA	NA	NA	NA	NA	NA	NA	NA	NA	NA	NA	NA	NA	NA	NA
NA	NA	NA	NA	NA	NA	NA	NA	NA	NA	NA	NA	NA	NA	NA	NA	NA	NA	NA	NA
NA	NA	NA	NA	NA	NA	NA	NA	NA	NA	NA	NA	NA	NA	NA	NA	NA	NA	NA	NA
NA	NA	NA	NA	NA	NA	NA	NA	NA	NA	NA	NA	NA	NA	NA	NA	NA	NA	NA	NA
0.612121898165234	NA	1.16956301054139	0.42251875553799	NA	NA	NA	1.12534084678322	NA	NA	NA	NA	0.572085958421193	0.878505060171215	NA	0.454409807492598	0.806842592252508	0.906423778530293	NA	NA
1.38689141708833	NA	1.16472766435587	1.54420093486714	NA	NA	2.16234983107744	1.47797286898178	1.29705336284806	NA	NA	1.11617136256027	1.21815279058984	1.38205825275563	NA	1.45116849607573	1.22015512238086	1.57435048187858	1.42318780705463	NA
NA	NA	NA	NA	NA	NA	NA	NA	NA	NA	NA	NA	NA	NA	NA	NA	NA	NA	NA	NA
NA	NA	NA	NA	NA	NA	NA	NA	NA	NA	NA	NA	NA	NA	NA	NA	NA	NA	NA	NA
NA	NA	NA	NA	NA	NA	NA	NA	NA	NA	NA	NA	NA	NA	NA	NA	NA	NA	NA	NA
1.10368061018687	2.56152273459732	0.575153891051537	0.5499519030667	0.241064750252026	NA	0.201393865552128	NA	0.332962064210149	NA	0.582745149843924	0.794851740987276	NA	0.63495214333029	NA	1.41038268965756	NA	NA	1.31151627194876	NA
NA	NA	NA	NA	NA	NA	NA	NA	NA	NA	NA	NA	NA	NA	NA	NA	NA	NA	NA	NA
NA	0.845384758465825	0.493275078849019	0.849104002054485	NA	NA	NA	NA	1.03417228456692	1.34651783859855	1.70497728539985	NA	NA	NA	2.26178428085557	NA	2.19477563111148	NA	NA	NA
NA	NA	NA	NA	NA	NA	NA	NA	NA	NA	NA	NA	NA	NA	NA	NA	NA	NA	NA	NA
1.06674905590749	NA	NA	NA	NA	NA	0.45531629813244	0.555233886700033	0.587616014674873	NA	NA	0.914199318543518	NA	0.912965038963845	NA	1.56189403004126	1.1531162994172	NA	NA	NA
NA	NA	NA	NA	NA	NA	NA	NA	NA	NA	NA	NA	NA	NA	NA	NA	NA	NA	NA	NA
NA	NA	0.728580283487847	0.812852836716938	NA	NA	0.940535986179405	NA	NA	NA	0.39345987972409	NA	0.72069682759967	NA	0.593566403109199	1.11660091061327	NA	NA	NA	NA
1.80238210065896	1.49305962696578	0.89440966386287	0.620475567174206	1.35761713552294	NA	1.71775889905415	NA	NA	2.05148773587957	2.49699095524865	0.57776406826948	0.759888166009461	0.736737800082767	NA	0.657275336260647	0.713705277279148	NA	NA	0.86915020674612
NA	NA	NA	NA	NA	NA	NA	NA	NA	NA	NA	NA	NA	NA	NA	NA	NA	NA	NA	NA
0.705656570575872	NA	NA	NA	NA	NA	0.608651074679847	0.675516370458137	0.92977870746623	NA	NA	0.834616603329517	NA	NA	0.904282408899954	0.878503162424345	0.633049619202017	0.684994535872229	0.509558088200752	0.191449225397863
NA	NA	NA	NA	NA	NA	NA	NA	NA	NA	NA	NA	NA	NA	NA	NA	NA	NA	NA	NA
0.919495266181163	NA	1.0163347262105	0.42988447291074	0.171451924281465	NA	NA	NA	1.56701612101706	0.971544213389613	1.36239360371104	0.723152774975355	2.28659943915115	1.21954151422664	NA	2.05624346497633	1.41507866129814	1.31971521311707	1.25474975163626	1.01282553640362
NA	NA	NA	NA	NA	NA	NA	NA	NA	NA	NA	NA	NA	NA	NA	NA	NA	NA	NA	NA
0.73886740427028	0.358909511467877	NA	NA	NA	NA	0.760604777104073	0.644228712898837	0.777776925438974	0.596165732733705	0.917472803520394	0.558252962890483	NA	NA	0.70508496875436	NA	0.513086140567051	0.315960581504769	0.508929313721195	0.168602738399243
NA	NA	NA	NA	NA	NA	NA	NA	NA	NA	NA	NA	NA	NA	NA	NA	NA	NA	NA	NA
NA	1.85775522009984	0.446833875278857	0.870480743433926	0.483854336510753	NA	0.450160681349471	0.39610843777905	NA	1.6169919367364	0.348726319184486	0.843366620195517	0.978255972121375	1.82694945058714	1.21684037915962	NA	1.05338763987126	2.17264098451594	0.957533096981504	NA
NA	NA	NA	NA	NA	NA	NA	NA	NA	NA	NA	NA	NA	NA	NA	NA	NA	NA	NA	NA
1.75923407559005	1.20054000006197	2.40505476581997	1.6903894091807	NA	NA	NA	3.15923117044746	1.66492997349143	0.988962603148047	0.993637322572702	1.23311154696931	1.39093451007981	0.815142787865855	1.34026665160804	0.974169569955739	NA	2.83036966277187	1.71916986816526	NA
NA	NA	NA	NA	NA	NA	NA	NA	NA	NA	NA	NA	NA	NA	NA	NA	NA	NA	NA	NA
NA	NA	NA	NA	NA	NA	NA	NA	NA	NA	NA	NA	NA	NA	NA	NA	NA	NA	NA	NA
NA	NA	1.39151855249714	0.636069468476389	0.931033788079042	NA	NA	1.33563963238559	NA	NA	1.17273372884024	NA	1.1178819042832	1.68129629621708	2.06821906312141	2.97711185960131	NA	1.31525566589792	2.98579906720718	NA
2.74710341350932	NA	2.44310807393914	NA	NA	NA	NA	NA	1.81523596609313	NA	2.07866406648057	1.61010369095099	2.18615231731909	NA	1.30460799465545	NA	1.96508897299339	1.8908533281649	NA	NA
1.90123263534951	1.02854802060167	1.71951005222817	0.728227771135483	0.808817230224134	NA	0.674407999920675	0.965373356161268	1.05288097892332	1.0275375697054	0.956489946982068	1.10196767982472	0.996726060393277	NA	1.14252186562042	1.11548897326808	1.36409415142753	NA	0.586335876929854	1.93304802444537
NA	NA	NA	3.1341916031464	NA	NA	3.28510767384112	2.44168459793073	2.92619637549731	2.52344565257322	2.43155375949869	2.23710510388611	2.50341870621001	3.30243001174397	NA	NA	1.61268590464675	NA	NA	NA
NA	NA	NA	NA	NA	NA	NA	NA	NA	NA	NA	NA	NA	NA	NA	NA	NA	NA	NA	NA
0.861406540385965	NA	NA	NA	NA	NA	NA	1.15833496322114	1.47478071098485	0.828402658333426	0.786958882675377	0.645606310507645	NA	NA	0.667747431509894	1.08104006563459	1.08411238803946	0.450608515406834	0.692784843561296	0.480889716341389
0.561473999744842	NA	0.437705587836436	0.416809119021914	0.316388559029072	NA	NA	0.722192473637147	0.461765716766037	NA	0.756555153197152	0.501150048983884	0.385500415297653	0.285800796544983	0.179467623250294	0.631731559545117	0.939445305024949	0.818672141602233	2.51571629854927	NA
1.30512631326641	NA	0.706819820968954	NA	0.743573717967612	NA	0.537066444899465	NA	0.849108372124233	NA	NA	1.50471314843289	NA	1.09550846217931	NA	2.00302124711974	NA	1.01098068707232	NA	NA
NA	NA	NA	NA	NA	NA	NA	NA	NA	NA	NA	NA	NA	NA	NA	NA	NA	NA	NA	NA
NA	NA	NA	1.16706558655633	NA	NA	NA	0.774145778138536	NA	NA	1.09352960924382	NA	1.0059998383161	0.922696704968436	NA	NA	NA	NA	0.809996148386158	NA
NA	NA	NA	NA	NA	NA	NA	NA	NA	NA	NA	NA	NA	NA	NA	NA	NA	NA	NA	NA
NA	NA	2.03536191663826	1.24215591769434	1.5463402763334	NA	NA	1.21259709348361	NA	1.32146390604688	1.06789323685119	NA	1.70155541145294	1.39913774236066	2.20861353150738	3.0283147356331	NA	1.25164991768936	3.24399994631977	NA
NA	NA	NA	NA	NA	NA	NA	NA	NA	NA	NA	NA	NA	NA	NA	NA	NA	NA	NA	NA
1.39175436630428	NA	1.26457418398066	NA	NA	NA	0.286942929665114	NA	0.71501714815678	NA	0.912269894182141	0.878885666371864	0.857957990497978	1.79377616623111	1.52757257594718	NA	1.52600224141687	1.62237066944977	NA	1.143384664291
1.66489140625525	1.11183386782268	1.5448415039486	0.585744995090266	0.696080734852545	NA	0.663663841196022	0.922629129597293	0.835739433874164	0.978440723684512	0.744173633206333	0.929135653132338	0.898679700362824	NA	1.3175701796614	1.03407239722409	1.18563703888547	NA	2.74395158526005	1.7958536027481
NA	NA	0.195879503009733	NA	NA	NA	NA	NA	NA	NA	1.35951641252235	NA	1.59291804408055	1.64646313252744	1.69897744309908	1.67573012954451	NA	1.09918820856577	1.26779693167459	NA
1.15278793050331	0.895090709596535	NA	NA	NA	NA	NA	NA	NA	1.07870424082558	0.802653482517275	NA	NA	1.08845262082992	NA	NA	0.757783029393373	NA	2.35295377737651	NA
1.69899204659713	NA	3.36979662752812	3.08712468522369	NA	NA	2.81694745284568	1.94541835858896	2.60157003885933	2.01716670990879	2.25907268233628	1.78991092792544	1.98098590112633	3.09976848224222	NA	NA	1.40285542925299	NA	NA	NA
NA	NA	NA	NA	NA	NA	NA	NA	NA	NA	NA	NA	NA	NA	NA	NA	NA	NA	NA	NA
NA	NA	NA	NA	NA	NA	NA	NA	NA	NA	NA	NA	NA	NA	NA	NA	NA	NA	NA	NA
NA	NA	0.0887423500511197	NA	1.08253998103049	NA	0.356225005308618	0.280649205095868	0.584219264741544	0.602206763683188	NA	0.7295515714543	0.874047049880274	1.14276062932866	NA	0.737961077567543	1.56264869801125	0.76642711719954	NA	NA
NA	NA	NA	NA	NA	NA	NA	NA	NA	NA	NA	NA	NA	NA	NA	NA	NA	NA	NA	NA
0.336404139835692	NA	NA	NA	0.623517904820125	NA	0.195421597669516	0.213660566000856	NA	0.663582753801404	NA	1.03345485402586	NA	0.474828580896284	NA	NA	0.510449998845702	0.355359548973213	0.67166884665494	NA
0.742756314930139	NA	2.24975470084609	NA	0.325672591464943	NA	NA	0.656898856116397	NA	NA	NA	NA	NA	0.652752901220564	NA	0.983819450498328	1.51285873998411	1.40312065814324	0.693383028126022	1.21268789093991
NA	NA	NA	NA	NA	NA	NA	NA	NA	NA	NA	NA	NA	NA	NA	NA	NA	NA	NA	NA
NA	NA	NA	NA	NA	NA	NA	NA	NA	NA	NA	NA	NA	NA	NA	NA	NA	NA	NA	NA
NA	NA	0.546384077789714	NA	NA	NA	0.318643491985912	NA	0.601561883535416	0.84371839955724	0.601370062763014	0.831219524359512	0.131229380433746	1.3965797523401	NA	0.318478926760574	NA	NA	NA	NA
0.653671148363365	0.860804341734692	0.585554955168466	NA	0.590972608628371	NA	0.674603062593867	NA	0.277463527247606	0.335569688510961	0.408947112827367	0.316143706090417	0.904350002157562	NA	NA	0.469288763212099	NA	NA	1.19196767054955	NA
NA	NA	NA	0.672516014705689	0.561112807720292	NA	NA	0.605689121515375	NA	NA	0.799218108652313	1.09234905211132	1.26983071090549	1.63862722830357	NA	1.54280696216487	NA	NA	NA	NA
NA	NA	NA	NA	1.0234932687579	NA	0.272760705015647	NA	NA	NA	1.61395372914207	0.770878102969658	NA	2.3640917922765	NA	1.07280221137408	2.18853932212793	2.58441647476275	0.608775712679622	NA
2.36402587888944	1.73737117336073	1.28036332037594	2.29771479321192	NA	NA	1.37213329424351	1.34203794876513	1.27660075385453	1.09161829877162	1.19378938692881	1.9095745639487	1.29790299754598	1.50035477644025	1.11999107699376	1.55027167618246	1.19430655417009	NA	1.45473895065906	NA
1.5663815755712	1.00056490134143	1.21453348923378	1.21043968592421	0.609335294002659	NA	0.579879675573302	1.17140623965801	0.679958592164777	0.688582879772883	0.538565892143691	0.560445368436283	0.720705387175003	1.08523806305481	0.925957969499446	1.25420596278784	0.703636841935943	0.859462544176918	0.590252513120543	NA
NA	NA	NA	0.657100424296404	NA	NA	NA	0.2986791788091	NA	NA	0.793872062840802	NA	NA	1.23162806648984	1.15519098051726	0.901051776707709	1.02422754144478	NA	NA	NA
NA	NA	NA	NA	NA	NA	NA	NA	NA	NA	NA	NA	NA	NA	NA	NA	NA	NA	NA	NA
NA	NA	NA	NA	NA	NA	NA	NA	NA	NA	NA	NA	NA	NA	NA	NA	NA	NA	NA	NA
NA	NA	NA	NA	NA	NA	NA	NA	NA	NA	NA	NA	NA	NA	NA	NA	NA	NA	NA	NA
1.79035401029044	NA	NA	NA	1.17943967297572	NA	0.997230422713541	NA	1.56929331671232	NA	NA	1.13643272718001	0.548690068563204	0.913907697719719	0.823833908809656	1.66954674195504	NA	NA	1.0573582683458	NA
NA	NA	NA	NA	NA	NA	NA	NA	NA	NA	NA	NA	NA	NA	NA	NA	NA	NA	NA	NA
0.681387029026233	NA	1.6451935972654	1.13496137406243	0.539752779030813	NA	NA	NA	1.9125413947433	NA	2.20378535640106	NA	NA	2.58873778919981	NA	NA	NA	NA	NA	0.549929866451031
NA	NA	NA	NA	NA	NA	NA	NA	NA	NA	NA	NA	NA	NA	NA	NA	NA	NA	NA	NA
NA	NA	NA	NA	NA	NA	NA	NA	NA	NA	NA	NA	NA	NA	NA	NA	NA	NA	NA	NA
NA	NA	NA	NA	NA	NA	NA	NA	NA	NA	NA	NA	NA	NA	NA	NA	NA	NA	NA	NA
NA	NA	NA	NA	NA	NA	NA	NA	NA	NA	NA	NA	NA	NA	NA	NA	NA	NA	NA	NA
NA	NA	NA	NA	NA	NA	NA	NA	NA	NA	NA	NA	NA	NA	NA	NA	NA	NA	NA	NA
0.606567770424891	0.611678055522006	0.158349478826197	NA	0.717624558774974	NA	0.580499316366308	0.942019806175721	NA	NA	NA	1.12104553805537	NA	0.638489976574743	1.16607979475969	NA	NA	0.835159142959429	NA	NA
NA	0.443774497326303	NA	0.383592610645254	NA	NA	NA	NA	2.00623171981967	NA	0.480559959768738	0.688763086904649	NA	NA	NA	1.02306217500218	NA	1.90188134822409	1.65852606873193	NA
NA	NA	0.304230504905566	0.16004728545466	NA	NA	NA	1.04426299522606	0.507179843007909	NA	0.779027941068005	NA	0.825590074608257	0.851010013858354	NA	NA	0.758275714452862	NA	0.531651757139137	NA
1.95496738634884	1.5963672193657	0.580395883875873	1.7418094686178	NA	NA	NA	0.630803149537897	0.882893602446052	NA	0.987563952361357	1.69771765650127	0.763362080021207	NA	NA	0.808163697045276	0.900886369713872	NA	1.1446484802217	NA
NA	NA	NA	NA	NA	NA	NA	NA	NA	NA	NA	NA	NA	NA	NA	NA	NA	NA	NA	NA
0.47406851702235	NA	NA	2.21113734882466	NA	NA	NA	0.34958254922599	NA	NA	0.791049251797617	1.07855422212659	0.936389088111945	1.04130182231832	NA	NA	NA	0.800855958575816	NA	NA
NA	NA	NA	NA	NA	NA	NA	NA	NA	NA	NA	NA	NA	NA	NA	NA	NA	NA	NA	NA
NA	NA	NA	NA	NA	NA	NA	NA	NA	NA	NA	NA	NA	NA	NA	NA	NA	NA	NA	NA
NA	NA	NA	NA	NA	NA	NA	NA	NA	NA	NA	NA	NA	NA	NA	NA	NA	NA	NA	NA
NA	NA	NA	NA	NA	NA	NA	NA	NA	NA	NA	NA	NA	NA	NA	NA	NA	NA	NA	NA
NA	NA	NA	NA	NA	NA	NA	NA	NA	NA	NA	NA	NA	NA	NA	NA	NA	NA	NA	NA
NA	NA	NA	NA	NA	NA	NA	NA	NA	NA	NA	NA	NA	NA	NA	NA	NA	NA	NA	NA
NA	NA	NA	NA	NA	NA	NA	NA	NA	NA	NA	NA	NA	NA	NA	NA	NA	NA	NA	NA
1.54603562106278	NA	NA	NA	0.255463151527958	NA	0.359717414780033	0.299785800106781	0.561342485990367	NA	NA	NA	NA	0.564587195121027	NA	1.11763279739257	0.903353739747659	NA	1.006129328363	NA
NA	1.06507179947489	0.195308197315979	0.376011663889109	1.06957349613786	NA	NA	0.941006983921393	0.399813971481737	0.973145922750205	1.35520000040458	0.862823142408925	0.485207011053177	NA	1.03636050604238	1.89009674154474	1.31498945878279	NA	1.68882078367338	NA
0.693104949292534	NA	0.693761526213634	0.400594721192774	0.883927207744581	NA	0.843016711361773	0.967601141242153	0.948334174510568	0.606441144648544	NA	0.49515972092406	0.913869825670907	0.960887422212769	0.962792090891331	0.777277095592957	NA	0.381338555567552	NA	NA
NA	NA	NA	NA	1.73065337922124	NA	NA	NA	NA	1.20893085574738	1.9711659661836	NA	1.61800545155274	NA	1.21568805956129	1.05943870129935	2.00787455661625	NA	NA	NA
NA	NA	NA	NA	NA	NA	NA	NA	NA	NA	NA	NA	NA	NA	NA	NA	NA	NA	NA	NA
NA	NA	NA	NA	NA	NA	NA	NA	NA	NA	NA	NA	NA	NA	NA	NA	NA	NA	NA	NA
NA	NA	NA	NA	NA	NA	NA	NA	NA	NA	NA	NA	NA	NA	NA	NA	NA	NA	NA	NA
NA	NA	NA	NA	NA	NA	NA	NA	NA	NA	NA	NA	NA	NA	NA	NA	NA	NA	NA	NA
NA	NA	NA	NA	NA	NA	NA	NA	NA	NA	NA	NA	NA	NA	NA	NA	NA	NA	NA	NA
NA	NA	NA	0.334990948789557	0.369914343144638	NA	1.02024124822834	NA	NA	NA	0.379561314583865	0.954138380084821	NA	NA	0.317810222214481	NA	1.19602031655025	NA	NA	1.77305872527075
NA	NA	NA	NA	NA	NA	NA	NA	NA	NA	NA	NA	NA	NA	NA	NA	NA	NA	NA	NA
NA	NA	0.554701257260522	NA	NA	NA	0.389526174818018	0.532078750707065	0.593843577299269	NA	0.666499857007569	NA	0.719920566239687	1.1572349759757	2.43714633568304	NA	1.09027727520445	NA	NA	NA
2.08326476142943	NA	NA	0.275302733332536	0.484015841975202	NA	0.872609321318808	0.688995722226084	0.805579313402043	NA	0.769613911287736	NA	NA	1.22732934606999	NA	0.775744190874226	NA	NA	NA	NA
0.429750247712237	NA	NA	0.269060355505518	NA	NA	0.355185343471185	0.531480577682379	NA	0.17667205746963	NA	0.520846564760978	NA	0.360181135876687	NA	NA	0.611210120213616	NA	0.366781910653571	NA
NA	NA	NA	NA	NA	NA	NA	NA	NA	NA	NA	NA	NA	NA	NA	NA	NA	NA	NA	NA
0.762623778466418	0.613542751171685	0.740931392077224	0.522767839573189	0.514508804840015	NA	NA	0.493974354491536	0.209873567131861	0.589706055968659	NA	1.04203108822504	0.889307169187529	NA	1.10627791557432	0.697425556593933	1.18574496379221	0.799883125311312	0.802906688369736	1.25266214864569
NA	NA	NA	NA	NA	NA	NA	NA	NA	NA	NA	NA	NA	NA	NA	NA	NA	NA	NA	NA
NA	0.56973248108054	1.14514272134889	0.863039758404603	NA	NA	NA	NA	0.139393240749357	0.272944326123066	1.44557323029535	0.618769767103676	0.866200238989055	1.03285453046861	1.57528352212705	NA	NA	NA	0.810652122758421	NA
NA	NA	NA	0.753918353539653	0.327822811534571	NA	NA	NA	NA	0.390774682120936	NA	1.12593213047602	0.761538028941319	NA	0.641197855429325	NA	0.906941863526583	NA	NA	NA
NA	NA	0.78615048051011	0.906395346590304	0.871825842329262	NA	0.832941317955012	0.851668430561891	NA	2.30534927047238	1.248513165181	NA	NA	1.07904947873758	1.28657297140463	1.29202303588596	1.96055333517064	1.23747351562	NA	NA
NA	NA	NA	NA	NA	NA	NA	NA	NA	NA	NA	NA	NA	NA	NA	NA	NA	NA	NA	NA
1.21089428422682	NA	NA	NA	1.13178787430751	NA	NA	0.813543644706318	NA	NA	0.492681778570023	NA	0.664270377969746	1.01904912313352	0.683207469342244	NA	1.04523958129151	NA	NA	NA
NA	NA	NA	NA	NA	NA	NA	NA	NA	NA	NA	NA	NA	NA	NA	NA	NA	NA	NA	NA
1.70353527347937	1.60688570042728	NA	NA	NA	NA	1.042424976653	0.923797716573526	NA	0.55564966778521	1.69532550059074	NA	1.46798602495977	NA	NA	0.970658658364907	NA	NA	NA	NA
0.488761014519688	NA	1.47327470944564	0.909070980141014	0.340651918308	NA	NA	0.63909752809461	NA	NA	0.161170005081865	NA	NA	NA	NA	NA	1.20725752602987	NA	NA	NA
NA	NA	NA	NA	NA	NA	NA	NA	NA	NA	NA	NA	NA	NA	NA	NA	NA	NA	NA	NA
NA	NA	NA	NA	1.50023838305088	NA	NA	NA	NA	1.56632945803674	NA	1.34322579827755	NA	1.48303216682699	2.02081815401942	NA	NA	1.16867230141378	NA	NA
0.787338670760047	NA	0.401573963739053	NA	NA	NA	NA	NA	0.490754632357648	NA	NA	NA	NA	NA	NA	0.852791470307389	NA	1.05683735456791	0.844096311452379	NA
1.12422607208286	NA	NA	0.677354389559173	0.787667051688192	NA	1.59028324405819	2.15724107016942	2.33138794315466	1.08936778619513	NA	0.748971402744401	0.768975041513194	2.33500919295989	2.26332153891223	0.871538961244419	3.59528185453753	1.77359830787411	NA	NA
0.608151629184927	0.755014294038184	NA	1.01784753391786	1.15890796779453	NA	NA	0.942299136979282	NA	1.49291812644211	NA	NA	NA	NA	NA	NA	2.26107878709336	NA	NA	NA
NA	2.68386474903591	NA	NA	NA	NA	0.577382820835697	0.94138617034735	2.48015323307347	2.2781095234568	2.56330000412643	1.81890837393442	NA	1.60178698287764	0.737438425481169	1.54925474527467	1.42625070557717	NA	NA	1.58485527238442
NA	1.97884276290416	NA	0.914404343209888	1.23303673275705	NA	NA	1.22871473131502	NA	0.977228367047477	1.81476580233147	1.30740678811606	1.56198601549902	1.57341955915731	1.55645109485865	1.23580510853691	NA	1.25088856306178	0.953596841257193	NA
1.1097895618956	NA	0.472933875216013	NA	0.452231540880071	NA	NA	0.817107864583706	NA	NA	NA	NA	1.14402374857694	1.15344822270897	NA	NA	NA	1.37671144304579	1.58662566049798	NA
0.299476069349081	NA	NA	NA	NA	NA	0.719676970428165	1.20977539009609	NA	0.936094576927503	NA	0.486514015805246	0.821421489779946	NA	0.230397956620844	0.591618824658383	0.759105988804767	NA	NA	NA
NA	NA	NA	NA	NA	NA	NA	NA	NA	NA	NA	NA	NA	NA	NA	NA	NA	NA	NA	NA
NA	NA	1.59316760304817	0.931511092259669	1.07780785406375	NA	0.44157714082487	0.771077976317853	0.575775068348761	0.201101613895253	0.998385958244916	NA	0.300607667051908	NA	NA	0.855433334908892	0.810355687073644	NA	NA	NA
NA	NA	NA	NA	NA	NA	NA	NA	NA	NA	NA	NA	NA	NA	NA	NA	NA	NA	NA	NA
NA	NA	NA	NA	NA	NA	NA	NA	NA	NA	NA	NA	NA	NA	NA	NA	NA	NA	NA	NA
NA	NA	NA	NA	NA	NA	NA	NA	NA	NA	NA	NA	NA	NA	NA	NA	NA	NA	NA	NA
NA	NA	NA	NA	NA	NA	NA	NA	NA	NA	NA	NA	NA	NA	NA	NA	NA	NA	NA	NA
0.153957251983211	NA	0.644183117355965	0.759074417904315	1.51317932425692	NA	0.273024515169148	0.616551388535624	0.312696173076159	0.270049613151289	0.670687482935435	NA	0.788864097003614	NA	0.277668951812788	0.73287512717937	NA	0.455877623454296	2.14831459766424	1.31261558400276
NA	0.546629011789849	0.891447219206004	0.473916257150138	NA	NA	0.456311256659676	0.312295085726584	0.773031244594726	NA	0.417728194813463	0.922690627970412	NA	1.00016162797845	0.892620160517826	0.752059354805752	1.0110622971884	0.800876212853757	0.759937708505332	NA
NA	NA	NA	NA	NA	NA	NA	NA	NA	NA	NA	NA	NA	NA	NA	NA	NA	NA	NA	NA
NA	NA	NA	NA	NA	NA	NA	NA	NA	NA	NA	NA	NA	NA	NA	NA	NA	NA	NA	NA
2.65386718762018	NA	2.41151274563039	2.34758310653411	2.55394588827003	NA	NA	1.87398707052568	NA	NA	NA	1.97198351252783	1.79235615617123	1.55205592720274	1.68085666290759	NA	1.87810220147622	2.02572504730537	2.07395800611078	NA
0.865702149751621	0.88919322539649	NA	1.35451850732428	NA	NA	NA	0.617514145270297	1.04121893342889	2.02854624168964	1.06182155004053	NA	NA	1.35893095035571	1.21964451087746	1.63506385245617	1.67070413807071	NA	NA	NA
0.4858726459527	0.697124627071653	0.853493625122395	NA	0.136951306369536	NA	0.369310964181025	0.752371527301205	0.974813072393293	NA	0.930213948528981	1.04895181882332	0.772163470076031	0.765886659614951	0.272476304825606	0.942992529370216	1.00397644126722	0.692269503068065	0.8502866254421	0.540768310663869
NA	NA	NA	NA	NA	NA	NA	NA	NA	NA	NA	NA	NA	NA	NA	NA	NA	NA	NA	NA
NA	NA	NA	0.671869539274964	0.317993586799762	NA	1.33532547769305	0.317855341793098	NA	0.402477191256197	1.18420235233982	0.271623356745284	NA	0.517791468896464	1.59316335526974	NA	0.518066279957899	0.563541639084541	NA	0.990172208611914
0.6152378432975	0.511903079576782	0.562521284706546	NA	1.70513595517774	NA	0.276883628736364	0.200817579482998	NA	NA	0.312141610304471	0.309669872679111	0.329589032846608	0.230939639882168	0.460256190334167	0.15730304519292	NA	NA	0.248966532866017	NA
1.24559242637408	NA	1.10740158551091	0.320753343989422	0.652057861662179	NA	0.869663839950675	NA	NA	0.771389352136674	0.581298059975542	0.255876260458816	0.583914599740406	0.939781776955419	NA	0.424729129930429	0.879378672166094	NA	1.68966040071713	NA
0.991354866772278	0.788398733544305	NA	NA	NA	NA	NA	NA	NA	1.74886281706518	NA	NA	NA	NA	NA	1.13341594937737	1.93068890422922	0.535782919702755	NA	NA
NA	NA	NA	NA	NA	NA	NA	NA	NA	NA	NA	NA	NA	NA	NA	NA	NA	NA	NA	NA
NA	NA	NA	NA	NA	NA	NA	NA	NA	NA	NA	NA	NA	NA	NA	NA	NA	NA	NA	NA
NA	NA	NA	NA	NA	NA	NA	NA	NA	NA	NA	NA	NA	NA	NA	NA	NA	NA	NA	NA
NA	NA	NA	NA	NA	NA	NA	NA	NA	NA	NA	NA	NA	NA	NA	NA	NA	NA	NA	NA
NA	NA	NA	0.635333581114597	0.551345606639019	NA	0.87028979290252	0.756212990314873	0.554681152250616	NA	0.815972822484673	0.877690708507543	NA	0.868020376910667	NA	0.839634183475986	0.756756441952678	1.81513732545376	NA	NA
0.702197417969115	NA	1.82810679514913	1.21266573979586	0.845330550265443	NA	0.81452270363994	1.16703374273111	1.57791740698625	1.61042545129906	1.36550558403606	0.793340467978804	1.33948785500612	0.796474528690872	NA	0.948070331355987	0.961330666874234	0.676501800048802	1.57609989277743	NA
0.163833664325005	NA	0.46690939775231	0.34041026795052	0.92984592712212	NA	NA	NA	NA	1.03272528979587	1.0920743913766	NA	NA	0.845072079103833	NA	0.820843120120012	0.800902967046904	NA	NA	NA
NA	NA	NA	NA	NA	NA	NA	NA	NA	NA	NA	NA	NA	NA	NA	NA	NA	NA	NA	NA
NA	2.1217872137596	1.79694304504066	1.71198650898047	1.45242962132331	NA	1.42414915781814	0.987580978641394	NA	1.42915473535939	NA	1.56957667793503	NA	NA	1.41804414901842	1.41968411127215	NA	2.21679793737869	NA	NA
NA	NA	NA	0.97393410980591	NA	NA	NA	1.03091415896356	1.47479817522627	NA	NA	NA	NA	1.23453485824151	2.41008035373821	2.40688448746058	NA	NA	NA	NA
0.897624512853819	1.28643134430396	1.96076663882977	0.212318007935893	0.442417240490986	NA	0.223235962654077	NA	0.905781004741605	0.930986491267383	0.469277492528191	NA	0.74048307913731	1.17653074820123	NA	1.2395183751691	NA	NA	2.58315880775015	NA
NA	NA	NA	NA	NA	NA	NA	NA	NA	NA	NA	NA	NA	NA	NA	NA	NA	NA	NA	NA
NA	NA	NA	NA	NA	NA	NA	NA	NA	NA	NA	NA	NA	NA	NA	NA	NA	NA	NA	NA
NA	NA	NA	NA	NA	NA	NA	NA	NA	NA	NA	NA	NA	NA	NA	NA	NA	NA	NA	NA
NA	NA	NA	NA	NA	NA	NA	NA	NA	NA	NA	NA	NA	NA	NA	NA	NA	NA	NA	NA
NA	NA	NA	NA	NA	NA	NA	NA	NA	NA	NA	NA	NA	NA	NA	NA	NA	NA	NA	NA
NA	NA	NA	NA	NA	NA	NA	NA	NA	NA	NA	NA	NA	NA	NA	NA	NA	NA	NA	NA
NA	NA	NA	NA	NA	NA	NA	NA	NA	NA	NA	NA	NA	NA	NA	NA	NA	NA	NA	NA
NA	NA	NA	NA	NA	NA	NA	NA	NA	NA	NA	NA	NA	NA	NA	NA	NA	NA	NA	NA
2.5073276008246	0.681577447777762	1.04223271839848	0.609034212805685	NA	NA	0.83606084008458	0.672334005654562	0.77968288611239	0.478397000782812	0.309864564356702	0.356726421826812	0.4681018937964	0.572530712610298	0.285996909932709	0.310540566586385	0.781237173557678	1.01782211034373	0.691465572395853	NA
0.73858002496634	0.647613608768317	0.588378495850893	NA	0.423225250101782	NA	NA	0.31678384492265	0.394953789605089	0.353113000594925	NA	NA	NA	NA	1.59785229546109	NA	NA	0.342265140404703	0.384254812781394	NA
NA	NA	NA	NA	NA	NA	NA	NA	NA	NA	1.34895430630521	1.68416030761713	1.26614188997078	1.61410571984977	1.8482680134429	1.75374365360298	NA	0.599132068655286	2.21603951560899	NA
NA	NA	NA	NA	NA	NA	NA	NA	NA	NA	NA	NA	NA	NA	NA	NA	NA	NA	NA	NA
NA	NA	0.346202358455581	0.324210383857941	NA	NA	0.602997877204773	0.521770757145708	NA	NA	NA	NA	0.523568713994742	NA	NA	1.1015314686938	1.11636602349157	NA	NA	NA
0.410940003129758	0.443598241424013	NA	NA	2.24744743454063	NA	0.31037542339952	0.416762610003309	NA	NA	NA	NA	0.484296583340775	0.366668314082179	0.919195919735672	NA	0.212832647620158	NA	NA	NA
NA	NA	NA	NA	NA	NA	NA	NA	NA	NA	NA	NA	NA	NA	NA	NA	NA	NA	NA	NA
NA	NA	NA	NA	NA	NA	NA	NA	NA	NA	NA	NA	NA	NA	NA	NA	NA	NA	NA	NA
NA	NA	1.29280011532349	NA	NA	NA	1.62415858677665	1.48906324029717	NA	1.08408816619477	NA	1.05319238656012	1.83089316022579	0.970121563930462	NA	1.03597483568538	1.10304209220141	NA	NA	NA
NA	0.889835597870853	NA	0.623067710839961	NA	NA	NA	0.610442570794723	NA	NA	1.15618202215547	1.28621270661342	NA	NA	NA	NA	NA	1.52294408571807	1.5232689508273	NA
0.606723753624608	0.475530322027246	NA	0.598612313310653	NA	NA	NA	NA	NA	2.34826018421053	NA	1.67285305765262	NA	1.38994856689863	1.6010711139842	1.64589584288584	1.62330375164682	NA	NA	NA
NA	1.60389531702871	1.73941106642373	0.178852667793014	NA	NA	1.68890603159801	0.700928616542311	1.58030238858673	0.911750032932615	0.929314226071235	1.2743779109967	1.17530412302694	NA	1.85003722460685	1.96353856596621	NA	0.82089319586473	NA	NA
1.06941071488376	NA	0.145553887750888	0.0769387891851012	0.418164324439152	NA	0.586424580585661	0.717547328107422	0.968425040428739	NA	1.56991609161743	NA	NA	1.51004827371434	1.58090696022277	NA	1.58378363208954	NA	NA	NA
1.047932402138	NA	0.324390919560496	NA	0.479914988725547	NA	NA	0.648125378145997	0.542806111864346	NA	NA	0.184379067115247	0.585466912354012	0.757568101376333	NA	NA	0.24414628533911	0.367009799839496	NA	0.318089813009596
NA	NA	NA	NA	NA	NA	NA	NA	NA	NA	NA	NA	NA	NA	NA	NA	NA	NA	NA	NA
0.320538418941307	NA	0.565324824160643	0.441934419612175	0.990616679954944	NA	0.471258332118236	0.366650747078511	0.782456900065501	NA	0.723696683149022	NA	NA	0.97841412301609	NA	0.796435510050741	1.01045825422736	0.669796486041608	NA	NA
NA	NA	0.283987267959977	NA	0.46477682665517	NA	0.323236984877501	NA	NA	0.760169807265347	NA	NA	NA	0.455068811572359	0.669920286505364	0.751779689657379	0.819157353789006	1.02852888240027	0.868547348523807	0.707798866965738
NA	NA	NA	NA	NA	NA	NA	NA	NA	NA	NA	NA	NA	NA	NA	NA	NA	NA	NA	NA
NA	NA	NA	0.202447655683542	0.389617535070265	NA	NA	0.664536594197921	NA	NA	1.31720786868035	NA	1.26658916213285	1.74615196937512	NA	NA	1.69859488260472	NA	NA	NA
NA	0.616143298507985	NA	NA	NA	NA	NA	NA	NA	1.16428652628458	0.478414898700708	NA	0.570167680244335	0.946538451235015	0.526339860887343	0.474164305634122	NA	0.734791797791315	0.738125526694973	NA
NA	NA	NA	NA	NA	NA	NA	NA	NA	NA	NA	NA	NA	NA	NA	NA	NA	NA	NA	NA
NA	NA	NA	NA	0.597339019660293	NA	2.5026363305436	1.04479613230729	NA	NA	NA	NA	NA	0.604295921359884	1.06470260359385	0.458657944999693	0.80877895008243	NA	0.674200561400471	NA
NA	NA	NA	NA	NA	NA	NA	NA	NA	NA	NA	NA	NA	NA	NA	NA	NA	NA	NA	NA
NA	NA	1.33059547528148	1.49717469893601	1.37001023147449	NA	2.06694002820893	NA	1.53170692648291	NA	1.91712597117485	NA	NA	1.49060004345934	NA	1.3405324702759	NA	1.40340458310016	1.0339195756659	NA
NA	1.14378336582155	1.27646630649793	NA	0.442448555243251	NA	NA	NA	1.88302227603566	1.923059387195	1.09252436919043	1.23912118805479	NA	1.06920405116448	1.07097730264856	1.58533955540249	NA	NA	1.33980879102329	0.993173149122785
2.34385476350903	NA	NA	NA	0.836627605613891	NA	0.778222705927771	0.723288177289275	1.30543681099369	NA	2.5829911901483	1.58929513172613	0.686521298808293	NA	1.15431915293646	NA	NA	NA	0.98088363524362	NA
NA	NA	NA	NA	NA	NA	NA	NA	NA	NA	NA	NA	NA	NA	NA	NA	NA	NA	NA	NA
0.783758078790438	NA	NA	NA	0.826996001464001	NA	0.692657636329082	0.789784252123484	NA	0.522278775132526	NA	NA	1.44223714516406	NA	1.42789355621386	1.77166897393748	NA	NA	NA	NA
1.00722921417105	NA	NA	NA	NA	NA	NA	0.36060787428239	0.803731910944658	NA	NA	NA	NA	0.73527691580636	NA	0.462114126549409	0.440412772806554	0.290021915709117	NA	NA
NA	NA	NA	NA	NA	NA	NA	NA	NA	NA	NA	NA	NA	NA	NA	NA	NA	NA	NA	NA
NA	NA	NA	NA	0.429078676126768	NA	NA	NA	NA	NA	0.268400155914377	NA	NA	0.343077593920053	0.318832811266234	0.310555973528153	0.393449955506216	0.225564081868226	0.586054185654277	NA
1.3608401765883	NA	0.884155114959322	NA	0.498464380980979	NA	NA	0.797501050245318	NA	NA	0.43710024576432	0.212050011571528	0.536584842280045	0.193172543886909	0.547917742013495	NA	1.56488387012415	1.15575518657436	NA	NA
NA	NA	NA	NA	NA	NA	NA	NA	NA	NA	NA	NA	NA	NA	NA	NA	NA	NA	NA	NA
0.72842132009155	NA	NA	0.840953511553882	0.788566389418594	NA	NA	NA	0.858948859239545	NA	NA	NA	NA	NA	1.12858776682469	1.11595937030948	0.875742225180315	NA	NA	NA
NA	NA	NA	NA	NA	NA	NA	NA	NA	NA	NA	NA	NA	NA	NA	NA	NA	NA	NA	NA
NA	NA	1.05761459755281	NA	0.462237727978208	NA	NA	0.338673231083482	0.106386204175398	NA	0.807394186485822	1.99558905972082	0.638875164561696	NA	NA	NA	0.765951301909038	NA	NA	NA
NA	NA	1.11653209052185	NA	NA	NA	NA	NA	0.71760863052617	NA	NA	1.5080105695317	1.67194178092973	NA	2.27738287638749	1.56457467444774	2.19371525018606	NA	NA	NA
1.21035881814235	1.43986254947319	1.40465894149784	NA	0.70141490798052	NA	1.38003132545055	NA	NA	1.94585017849012	1.76128558494083	2.09939523021546	1.94589007097918	1.6173417941995	1.60848582084219	1.39977007267716	1.22023592857286	1.40283564211017	NA	NA
NA	NA	NA	NA	NA	NA	NA	NA	NA	NA	NA	NA	NA	NA	NA	NA	NA	NA	NA	NA
NA	NA	NA	NA	NA	NA	NA	NA	NA	NA	NA	NA	NA	NA	NA	NA	NA	NA	NA	NA
0.716169694223223	NA	0.700095125218138	NA	0.30805778065444	NA	NA	1.36303111328672	NA	1.27612602916442	0.782097562547996	1.08561987628628	NA	1.17469836132534	1.23681694781587	0.818794125295966	NA	NA	NA	NA
NA	1.02509834928079	0.485418113293385	NA	0.566009817572867	NA	NA	NA	NA	NA	NA	NA	0.449721570454214	NA	NA	0.431577394719862	0.887171907277208	NA	0.737275215461075	NA
0.73842248575236	NA	NA	NA	NA	NA	NA	0.858628090701447	0.427876340201515	1.00609079079237	1.10116254328989	1.05040390329124	1.03835701508494	NA	1.1060411352868	NA	NA	NA	NA	NA
NA	NA	NA	NA	NA	NA	NA	NA	NA	NA	NA	NA	NA	NA	NA	NA	NA	NA	NA	NA
NA	NA	NA	NA	NA	NA	NA	NA	NA	NA	NA	NA	NA	NA	NA	NA	NA	NA	NA	NA
NA	NA	NA	NA	NA	NA	NA	NA	NA	NA	NA	NA	NA	NA	NA	NA	NA	NA	NA	NA
1.40099208977883	1.29793863432547	1.81478628765775	NA	1.71303112700725	NA	NA	1.76071498406054	1.88473803534528	2.21294415181559	NA	2.07402189496119	NA	NA	NA	NA	NA	NA	NA	NA
1.11347510503503	NA	0.881515761739265	NA	1.16776518593354	NA	1.07520258949115	NA	NA	NA	1.46037086384171	0.913526966433483	NA	NA	NA	1.65309834402881	NA	1.08969369395609	NA	NA
NA	NA	NA	NA	NA	NA	NA	NA	NA	NA	NA	NA	NA	NA	NA	NA	NA	NA	NA	NA
NA	NA	NA	NA	NA	NA	NA	NA	NA	NA	NA	NA	NA	NA	NA	NA	NA	NA	NA	NA
NA	NA	NA	NA	NA	NA	NA	NA	NA	NA	NA	NA	NA	NA	NA	NA	NA	NA	NA	NA
1.89675658482931	2.10966939592361	NA	NA	2.30632932137759	NA	NA	2.04565164169855	NA	1.82704244760946	3.57105979171072	2.34729583792004	2.42535220225639	2.43377308707938	NA	2.47509053097712	NA	3.41624049082024	2.58749369563416	NA
0.71198688855819	NA	0.635609716912607	NA	1.28553896644829	NA	0.836191130871016	0.933979444784198	1.07935012473106	1.01886501319558	NA	NA	NA	NA	NA	1.33975266679615	1.0168975840741	0.705900825483929	NA	NA
NA	NA	NA	NA	NA	NA	NA	NA	NA	NA	NA	NA	NA	NA	NA	NA	NA	NA	NA	NA
NA	NA	NA	NA	NA	NA	NA	NA	NA	NA	NA	NA	NA	NA	NA	NA	NA	NA	NA	NA
NA	0.865783034311776	NA	0.505859710859831	NA	NA	NA	0.608917914676674	0.580459009296221	NA	0.667598896401205	NA	0.890670901899759	0.540184806203826	NA	NA	0.459622186809385	0.813441788876625	NA	NA
NA	NA	NA	NA	NA	NA	NA	NA	NA	NA	NA	NA	NA	NA	NA	NA	NA	NA	NA	NA
0.602897955432568	NA	0.389109290757538	NA	0.511553185080784	NA	NA	0.796697242464325	0.757131850972285	NA	0.654761990805036	0.590871227175351	NA	NA	NA	0.95219302302593	NA	NA	NA	NA
NA	0.442309026960136	NA	NA	NA	NA	NA	0.638874794709368	NA	NA	NA	0.725119379521691	0.529775225762792	0.591136334359703	NA	1.05625397570948	NA	NA	0.515278501498281	NA
NA	NA	NA	NA	NA	NA	NA	NA	NA	NA	NA	NA	NA	NA	NA	NA	NA	NA	NA	NA
NA	NA	NA	NA	NA	NA	NA	NA	NA	NA	NA	NA	NA	NA	NA	NA	NA	NA	NA	NA
NA	NA	NA	NA	NA	NA	NA	NA	NA	NA	NA	NA	NA	NA	NA	NA	NA	NA	NA	NA
NA	NA	NA	NA	NA	NA	NA	NA	NA	NA	NA	NA	NA	NA	NA	NA	NA	NA	NA	NA
1.27766784993658	NA	NA	0.672106348094025	0.964448850830995	NA	NA	0.520094983430455	NA	0.268061412736319	0.572335816602654	0.296742167515265	0.506991524825606	NA	0.675004128073106	0.440873665222922	NA	0.400462450268997	NA	NA
NA	NA	NA	NA	NA	NA	NA	NA	NA	NA	NA	NA	NA	NA	NA	NA	NA	NA	NA	NA
0.559765044101462	NA	NA	NA	0.808084064118053	NA	NA	0.871479102478944	NA	NA	NA	1.39340516205958	NA	1.5330683504095	NA	1.2754872099936	NA	NA	NA	NA
NA	NA	NA	NA	NA	NA	NA	NA	NA	NA	NA	NA	NA	NA	NA	NA	NA	NA	NA	NA
NA	NA	NA	NA	NA	NA	NA	NA	NA	NA	NA	NA	NA	NA	NA	NA	NA	NA	NA	NA
NA	NA	NA	NA	NA	NA	NA	NA	NA	NA	NA	NA	NA	NA	NA	NA	NA	NA	NA	NA
NA	NA	NA	NA	NA	NA	NA	NA	NA	NA	NA	NA	NA	NA	NA	NA	NA	NA	NA	NA
NA	NA	NA	NA	NA	NA	NA	NA	NA	NA	NA	NA	NA	NA	NA	NA	NA	NA	NA	NA
NA	NA	NA	NA	NA	NA	NA	NA	NA	NA	NA	NA	NA	NA	NA	NA	NA	NA	NA	NA
1.38342370711058	1.27669104237493	0.743248394687443	1.54318235340885	0.471937729017415	NA	0.740575406275733	0.715830481807844	NA	0.847236775460264	0.81783929922051	0.461859576771618	0.47303179720492	0.662772617846701	0.627530808621583	0.750077574917679	NA	0.485464359129053	NA	1.93723859006221
NA	NA	NA	NA	NA	NA	NA	NA	NA	NA	NA	NA	NA	NA	NA	NA	NA	NA	NA	NA
NA	NA	NA	NA	NA	NA	NA	NA	NA	NA	NA	NA	NA	NA	NA	NA	NA	NA	NA	NA
NA	NA	NA	NA	NA	NA	NA	NA	NA	NA	NA	NA	NA	NA	NA	NA	NA	NA	NA	NA
NA	NA	NA	0.175384472111718	NA	NA	NA	1.12029160235039	1.62809044106978	1.37604430344613	1.66829230592783	1.62725245371568	NA	NA	NA	NA	1.33549895006274	1.68526431519056	1.00378480438993	NA
NA	0.9776453077538	0.369926201749636	0.308233991460265	0.501182002602098	NA	NA	NA	NA	0.550198231390288	0.759770485077393	0.657887786033214	NA	0.653111120369691	NA	NA	0.878814447521083	NA	1.46997532093885	1.74919623698202
NA	NA	NA	NA	NA	NA	NA	NA	NA	NA	NA	NA	NA	NA	NA	NA	NA	NA	NA	NA
NA	NA	NA	NA	NA	NA	NA	NA	NA	NA	NA	NA	NA	NA	NA	NA	NA	NA	NA	NA
0.6763432538392	NA	NA	NA	0.555425171418189	NA	NA	NA	0.488932022563574	0.749176563941805	NA	NA	1.04645211873226	NA	NA	1.0056262326311	1.14526555398885	1.12150473185504	NA	NA
0.742443799363434	NA	NA	0.603392525821474	1.43248124166067	NA	NA	NA	0.632079138929685	NA	1.29885565248636	1.61584917373767	NA	NA	NA	NA	0.586680451479084	NA	NA	NA
NA	NA	NA	NA	NA	NA	NA	NA	NA	NA	NA	NA	NA	NA	NA	NA	NA	NA	NA	NA
NA	0.480171772163646	NA	1.25920824466174	NA	NA	0.755001482411025	1.64452696415158	0.672534333864509	0.637180828066459	1.13771864256563	NA	NA	0.324808712988363	0.351558729990369	0.51459717957191	NA	NA	0.31230571053818	NA
NA	NA	NA	NA	NA	NA	NA	NA	NA	NA	NA	NA	NA	NA	NA	NA	NA	NA	NA	NA
0.306081198225208	1.28153622469913	0.489415558884266	NA	NA	NA	0.783792064343856	0.674473110817236	1.08759303480865	0.934260232664114	0.419113886679518	0.850323851759056	NA	NA	NA	NA	1.27446750891353	0.611107565010942	NA	NA
NA	NA	NA	NA	NA	NA	NA	NA	NA	NA	NA	NA	NA	NA	NA	NA	NA	NA	NA	NA
NA	NA	NA	NA	NA	NA	NA	NA	NA	NA	NA	NA	NA	NA	NA	NA	NA	NA	NA	NA
0.259209097062514	NA	0.384000365924422	NA	0.243191223955468	NA	0.737055876561434	0.978791898856816	1.06707019878068	0.972310343550079	1.00769976666453	1.26320673038995	0.95917117128127	0.883001476793492	NA	1.13512548230068	NA	1.64127631101059	NA	NA
NA	NA	NA	NA	NA	NA	NA	NA	NA	NA	NA	NA	NA	NA	NA	NA	NA	NA	NA	NA
NA	NA	NA	NA	NA	NA	NA	NA	NA	NA	NA	NA	NA	NA	NA	NA	NA	NA	NA	NA
NA	NA	0.579911232883786	0.490952301622679	NA	NA	NA	NA	NA	0.959390848714914	NA	0.729593621383963	NA	NA	1.31726124281048	1.47199193791674	1.21889849339764	1.97361156556809	NA	NA
NA	NA	NA	NA	NA	NA	NA	NA	NA	NA	NA	NA	NA	NA	NA	NA	NA	NA	NA	NA
2.3064932817745	NA	2.13012370465807	NA	2.01454802168627	NA	0.737294701647121	2.26896222543467	NA	NA	NA	2.61076960419168	0.492582954388505	1.04432721535507	1.12190674387731	NA	NA	NA	NA	NA
NA	NA	NA	NA	NA	NA	NA	NA	NA	NA	NA	NA	NA	NA	NA	NA	NA	NA	NA	NA
0.943855655133893	NA	0.604847554652669	NA	0.82685608540243	NA	NA	0.661848163066069	0.805982394152951	NA	NA	NA	NA	NA	NA	NA	0.929729493338662	NA	NA	NA
NA	NA	NA	NA	NA	NA	NA	NA	NA	NA	NA	NA	NA	NA	NA	NA	NA	NA	NA	NA
NA	NA	NA	0.779353484030315	0.615356134960034	NA	NA	0.409578132031131	NA	0.316035105998546	1.12652396569648	NA	NA	NA	NA	NA	1.28844113893086	NA	NA	NA
NA	NA	NA	NA	NA	NA	NA	NA	NA	NA	NA	NA	NA	NA	NA	NA	NA	NA	NA	NA
NA	NA	NA	NA	NA	NA	NA	NA	NA	NA	NA	NA	NA	NA	NA	NA	NA	NA	NA	NA
NA	NA	0.99909452785676	NA	NA	NA	NA	0.783646530778264	0.442197771340829	0.981503008603691	0.384529324048546	0.301884568861147	0.594560186931541	NA	0.5644160384162	NA	NA	NA	NA	NA
NA	NA	0.926291115423185	0.799686870498645	NA	NA	0.468114357063045	1.1433888432842	1.12793938343236	NA	0.731794568668278	0.633304201013456	NA	1.09492344357633	NA	1.05474108156028	NA	NA	NA	NA
NA	NA	NA	NA	NA	NA	NA	NA	NA	NA	NA	NA	NA	NA	NA	NA	NA	NA	NA	NA
NA	NA	NA	NA	NA	NA	NA	NA	NA	NA	NA	NA	NA	NA	NA	NA	NA	NA	NA	NA
NA	NA	NA	NA	NA	NA	3.47853308407231	NA	2.92624740935902	2.51363553489462	2.50656649641139	NA	1.95013553411606	1.43273184600538	NA	1.558691400649	1.59453606095868	NA	1.37289258417762	NA
0.404491159671111	NA	1.08789255076867	NA	1.39618084177235	NA	NA	NA	0.113366911333712	NA	NA	0.693172847467112	NA	0.996628640155621	0.696145744788876	NA	NA	NA	NA	NA
NA	NA	NA	0.35707041976279	0.333655554315662	NA	NA	0.453035366201853	NA	NA	0.636065745669217	0.734365832090761	NA	NA	NA	NA	0.8407564744001	NA	NA	NA
1.26101316418603	0.52437871150267	0.603189329004077	NA	1.18530562128995	NA	0.105654448092262	NA	0.52770010105425	1.13983619850669	1.26433871474609	0.621818727281593	1.47565429161032	1.00119222722123	NA	1.08763484806799	1.23365750528304	NA	1.51831171748296	NA
0.431486331431907	0.215245504218595	NA	NA	0.342540887572057	NA	NA	NA	NA	1.07839741719868	0.54791164421977	0.946149590230948	1.66523763615395	NA	0.97973495644913	1.21818711052971	1.15630046053544	0.93391444758824	1.41116863422018	1.24270813299318
