NA	0.549334222232198	-0.371839176456269	-0.4005141059237	-0.532601964141882	-1.05837070404028	0.545390993622884	-0.432571075951298	0.608983559692605	0.616225695851134	1.70798560267667	-0.370439834947056	0.873150386864104	1.04124901055337	2.2822180561941	1.21709274500475	0.78508133686203	-2.53190166080013	1.21607288050263	0.472376672042401	2.37969757338378	3.08513284094472	0.591344950403289	1.85223231750594	2.90806395681343	2.36358547269369	0.866799236033815	-0.30818712120372	0.818042098702196	0.545687365380673	-0.472048768078517	1.5176834956857	0.768233740778706	-0.400938863696294	-0.381229301791753	-0.424384930730008	0.820271420305814	1.07206541839089	5.96967685566573	2.6642321194399
0.549334222232198	NA	1.86929051458209	1.58015159553531	0.786376214469065	0.395250952831021	0.839561911928533	0.355615465687543	0.782314627524118	0.645516810810069	1.48274346579075	0.642476545579094	1.16447563320996	1.24591712522791	1.71434855168226	1.26653324067973	1.2389130072601	-0.372467521362101	0.742012012970798	1.21547329303779	2.64221681245378	2.80841829846633	1.59898073310145	0.934787094627434	1.07535776552199	0.906098046488313	-0.740013656707301	0.875778091950906	0.78921915541995	2.12743492387206	0.770684467471193	1.24017266603081	1.06544143122784	0.980109517931553	0.682192690636591	1.03164192495671	1.2361118965165	-0.71198025231796	2.96160667619614	2.72523444020211
-0.371839176456269	1.86929051458209	NA	0.325376159135674	0.37757737962809	0.405513061262182	0.891316943796514	-0.585118779608787	1.08925704967003	1.35647361012947	1.88017264980568	0.774321887492581	1.43027725337386	1.0458635040242	1.98309161054993	1.39816668622414	2.88455155737196	-0.686054912273394	-1.151307845735	0.320840945233112	3.96598432294312	3.26121041890066	1.92292901641499	2.56994876042817	2.3744408787304	1.72112390294968	0.593568104992256	0.42935536339247	1.28905730181779	0.837990948031845	0.420609664283851	-0.303739836174401	2.32907489515991	1.27119421689566	0.319615886752143	0.791687810892534	-0.541098856082922	0.639778484449714	4.94578403577758	1.27745431148358
-0.4005141059237	1.58015159553531	0.325376159135674	NA	-1.7230482017	-0.600306055293694	0.616822209440323	-0.514767151161834	4.83086918643178	3.60840145569929	4.07590616379198	1.66055182837308	2.73543633108216	3.06433038400894	0.990797947453821	2.06518897331326	6.0767954004085	-1.02210982407591	0.953462228516805	1.1418859830575	3.95780987484785	5.04758333553556	1.44104445167375	2.18162414687087	3.31033603406108	2.94615187093021	3.4539395179552	1.53735230048802	1.41744099407229	1.46900913075907	1.78815055992526	2.86688192327729	4.58854323604793	1.40132358903255	0.865784769530669	1.19500882007234	0.874047686463693	1.70191996891889	6.47007740148409	3.30053862137271
-0.532601964141882	0.786376214469065	0.37757737962809	-1.7230482017	NA	-0.984203548552537	0.324014205442819	0.465288182353888	1.05805844347656	1.25518771630063	2.23238202019932	0.920586702037253	0.932822555744771	0.873133014168462	1.74791567061685	2.13518838984334	2.7671504007544	-1.18761652983671	1.24468784021879	-0.46553806874252	3.40532066989497	4.47198657880556	1.70186254544426	1.21984232915927	2.73812912296264	2.27407635060999	0.928282338041442	0.650668246491036	0.584799509782868	0.702647687937436	0.399102256434734	2.56921219617144	2.32932594393576	0.589310981099621	1.13678396076576	0.391086759530848	1.39017462503178	0.590020519082221	4.48915789744553	2.22726448591542
-1.05837070404028	0.395250952831021	0.405513061262182	-0.600306055293694	-0.984203548552537	NA	-1.09440822726285	-0.897415130291624	1.8738037621239	0.662670380993645	1.334336323683	0.436401309856092	0.649645061403025	1.78895660418614	1.12505381502666	0.562052647594438	2.50293214699412	-1.1619314948842	1.3740771053081	0.937357511759126	4.20763414390843	3.73753596940825	3.19638918901792	1.04471684484932	3.3543084511559	3.80361911557674	1.21357623037889	0.890954836229261	1.17875644146875	0.424656257014267	0.935991438959302	1.32540287415316	2.93639884478742	0.564855397822769	0.641992689698769	0.441925094890037	0.857546670993151	1.22754373209799	5.40842523739904	3.45299963405956
0.545390993622884	0.839561911928533	0.891316943796514	0.616822209440323	0.324014205442819	-1.09440822726285	NA	-0.665749626489441	0.379016643620056	-0.343554123442976	0.518009104803592	-0.645051351222685	-0.345765877147013	0.675096314731296	-0.327827761780496	0.514660310452326	2.04778130840836	-0.698323960878507	1.32464770353089	0.988646427773915	1.54716053631675	3.39261943666793	3.78213899643351	2.04503776726197	1.96526159089666	1.98569696581472	2.07785505496891	1.03526886619773	1.34302197275442	0.480726554693833	-0.326965144095129	0.719554996689469	1.89575902527494	0.902781863545186	0.850706571691054	0.609463829612604	-1.13443263186533	0.543929875781236	4.65781127024296	1.69252118363073
-0.432571075951298	0.355615465687543	-0.585118779608787	-0.514767151161834	0.465288182353888	-0.897415130291624	-0.665749626489441	NA	-0.998528567669829	-0.857201403626342	-0.383867206722964	0.808542012824253	-0.935823995668293	-2.08328907700841	-0.301597164671365	-0.313693523442957	0.988093034041961	-1.8776496392884	-0.44610729672814	0.392025095139928	0.698167497376991	2.28874532500038	0.954543824077429	2.05111497842133	2.70603906730303	1.38164868490223	1.95759857225948	-0.303210242625942	2.26822592410404	0.342542141012731	0.309622515810023	1.39852345420298	2.14177752690136	-0.625310327163189	0.440570418986778	0.802044569892224	0.374145273263152	1.0651009726771	3.85257868634271	1.87675646272782
0.608983559692605	0.782314627524118	1.08925704967003	4.83086918643178	1.05805844347656	1.8738037621239	0.379016643620056	-0.998528567669829	NA	-0.861927408532801	-0.458647718883063	0.311000229537255	0.333941932099854	-0.507118088118058	-0.688830418670909	0.327855966267145	1.05111709617401	-1.08517517282706	0.566094279999586	1.17882988864462	0.34033160487151	0.961887133394804	-0.459981355772429	0.385390242136988	0.652829124394605	1.23647728840577	1.24290583715081	0.471381659275504	0.379899636461315	0.856900036514255	0.61245614028735	1.5548426031573	0.800601871232741	-0.310259454096573	0.378116005117901	-0.311873830481776	-0.37550841102077	0.443045635886938	4.57253987332227	0.924845839929012
0.616225695851134	0.645516810810069	1.35647361012947	3.60840145569929	1.25518771630063	0.662670380993645	-0.343554123442976	-0.857201403626342	-0.861927408532801	NA	1.319251197894	-2.87645399043984	-2.11298237061783	-1.32678106612193	-0.349431250716197	-0.664318864241398	1.0425473892857	-0.491310717263392	0.62164509213862	1.82129874107808	1.07667942405405	2.82884685742049	-0.518684957997189	0.762672390374884	0.811346747658676	0.735466664853716	0.497723698751282	-0.325979464149032	0.553110801825292	0.861367686002036	-1.19660694116423	-0.309257204778365	1.06384844467555	-0.757370303918747	-2.10773169735757	-0.918706716060621	-0.482466992489654	0.47005368274218	3.09696188163346	0.375866350112355
1.70798560267667	1.48274346579075	1.88017264980568	4.07590616379198	2.23238202019932	1.334336323683	0.518009104803592	-0.383867206722964	-0.458647718883063	1.319251197894	NA	-1.36657023994278	0.307223836969605	-1.13572329648684	-0.749708996595388	0.389499391952542	1.46243701384259	0.386489495563806	-0.537791172793037	0.960585584634177	1.14020464418895	1.62074238127039	1.01792113402191	0.306451474212398	0.938808693247931	0.690523099446794	0.359550704595001	-0.355061056854845	-0.672777967730333	0.718562824071368	-1.6318781056145	0.443561133406864	0.923381256132462	-0.954002294564708	-1.29751163567986	-0.423024956725761	0.777292026751875	-1.13563617625959	2.435684190522	1.21827440014969
-0.370439834947056	0.642476545579094	0.774321887492581	1.66055182837308	0.920586702037253	0.436401309856092	-0.645051351222685	0.808542012824253	0.311000229537255	-2.87645399043984	-1.36657023994278	NA	-1.71403980178116	-1.92184834773976	-0.862816466020369	0.394233601977237	1.17169660394849	-0.569685409883074	-1.36435484279659	0.438203024871463	0.529843045175253	1.46083940390213	0.949127518968819	0.943382690314637	0.538869251915703	-0.471682580971976	0.32631927565137	-0.549936404351481	0.782214118017019	0.558510198013949	-1.24671635944988	-0.303145195755122	-0.339416550185122	-1.52450863953684	-0.999234462004406	1.0135886728341	0.619895427087379	0.993804017411111	1.4322662735713	1.02985213636138
0.873150386864104	1.16447563320996	1.43027725337386	2.73543633108216	0.932822555744771	0.649645061403025	-0.345765877147013	-0.935823995668293	0.333941932099854	-2.11298237061783	0.307223836969605	-1.71403980178116	NA	-3.01603374870079	-0.396057692509187	-2.3132426250569	0.988752776794205	0.343830450137106	-0.374991957200566	0.342088063063378	1.5233278990971	0.633511138078571	-0.774016826409852	0.389060468881391	-1.06903862658652	0.328585956467745	0.615249231978521	-0.939898972716745	-0.574880839070878	1.46671196928266	0.674832107811088	-1.11517227151662	0.403054093174337	-0.361799231329487	-0.379083182825983	-0.526770820473715	0.32154927410798	0.349240637266903	3.25691709770542	0.596517060414159
1.04124901055337	1.24591712522791	1.0458635040242	3.06433038400894	0.873133014168462	1.78895660418614	0.675096314731296	-2.08328907700841	-0.507118088118058	-1.32678106612193	-1.13572329648684	-1.92184834773976	-3.01603374870079	NA	-1.9407024380921	-0.88491455780059	0.825952392611426	-0.378923796549116	1.29697236382834	0.988446159654991	0.996268132704125	1.01951908723288	-0.614204421281473	-0.312138994961992	0.677598113987257	-0.834617791367093	-0.513849200076234	-0.418319311381002	-0.695847828567304	0.314897570263444	-0.476718441168439	0.469933332600421	0.712774613611852	-3.52301179083097	-1.40980089382933	-1.95976639673825	-0.819529211583125	0.311459918790539	1.97078517664726	1.25979943125721
2.2822180561941	1.71434855168226	1.98309161054993	0.990797947453821	1.74791567061685	1.12505381502666	-0.327827761780496	-0.301597164671365	-0.688830418670909	-0.349431250716197	-0.749708996595388	-0.862816466020369	-0.396057692509187	-1.9407024380921	NA	-0.744900620643476	0.302172996580318	0.516963861816652	0.786015535949935	1.69843979196712	0.35691930487385	1.31180709910366	-0.44746447577201	0.507192251912267	-0.41995900043754	0.650149939055259	-0.329861832759852	-0.791841483642536	-1.11190638176959	-0.826941303163014	-1.11183492734543	-0.529845420732499	-1.67728571517589	-0.397623916938585	-0.566511186473921	-0.963354019346281	-0.449539565914946	0.805142314662242	1.77142700071227	1.66609826144697
1.21709274500475	1.26653324067973	1.39816668622414	2.06518897331326	2.13518838984334	0.562052647594438	0.514660310452326	-0.313693523442957	0.327855966267145	-0.664318864241398	0.389499391952542	0.394233601977237	-2.3132426250569	-0.88491455780059	-0.744900620643476	NA	-0.885473818868622	0.495934947473969	-0.914657549933768	-0.320919300416489	0.834625141326958	3.07267837309687	-0.380815969020117	0.372016056226028	0.874564674562337	0.486018855522135	-0.704894128740331	-0.724993305429753	-2.73418076959836	-0.83158409362694	-0.816923610186138	-0.956205849953147	-1.23765092202952	-1.65111942834148	-0.885009719646517	0.493661382764494	-0.572207536349459	-0.370719420896364	2.34747022289225	2.05871775571282
0.78508133686203	1.2389130072601	2.88455155737196	6.0767954004085	2.7671504007544	2.50293214699412	2.04778130840836	0.988093034041961	1.05111709617401	1.0425473892857	1.46243701384259	1.17169660394849	0.988752776794205	0.825952392611426	0.302172996580318	-0.885473818868622	NA	0.702036956810396	-0.539473314316166	0.75491167986346	-0.489948228314896	1.09350065213526	-0.680503535341437	-1.82968234524818	-0.494170624558222	0.515325706112014	0.547376885477626	-1.05895268943744	-1.13081964269058	-1.09841223797914	-0.965470983062236	-0.372628081925215	-0.491423737003145	-1.52838034970886	-0.484151797013545	0.600271156325854	0.7578266007653	0.723130036615995	3.1527915618373	2.22519847820373
-2.53190166080013	-0.372467521362101	-0.686054912273394	-1.02210982407591	-1.18761652983671	-1.1619314948842	-0.698323960878507	-1.8776496392884	-1.08517517282706	-0.491310717263392	0.386489495563806	-0.569685409883074	0.343830450137106	-0.378923796549116	0.516963861816652	0.495934947473969	0.702036956810396	NA	0.85410190035311	1.1406991472289	1.66185520752452	0.566659084510131	0.558877185397595	0.347346692329436	0.385721435798124	0.339807440938414	1.03649883714745	0.962355676015228	-0.680625882291452	-0.610017239232038	-0.389629977353298	-0.651427590250898	-0.776662181813873	-1.6497471411364	-0.903834614973063	-0.637517821908913	-1.46731350196242	-0.803186480842601	1.40979778124334	0.893278204033414
1.21607288050263	0.742012012970798	-1.151307845735	0.953462228516805	1.24468784021879	1.3740771053081	1.32464770353089	-0.44610729672814	0.566094279999586	0.62164509213862	-0.537791172793037	-1.36435484279659	-0.374991957200566	1.29697236382834	0.786015535949935	-0.914657549933768	-0.539473314316166	0.85410190035311	NA	1.14200570191905	-0.600928742629117	-1.06209215670422	-2.43977613212912	-0.596530509569006	-1.15877122344024	0.600465465963171	-0.882106951406222	0.428690654314332	-1.37641691757678	-0.754168948424785	-0.916036516680112	-1.42559615527502	-2.30073312516444	-3.57694698772592	-0.562210684004364	-0.315082934909874	0.474495056639605	-0.349216431664401	3.16319156072495	0.768875160435541
0.472376672042401	1.21547329303779	0.320840945233112	1.1418859830575	-0.46553806874252	0.937357511759126	0.988646427773915	0.392025095139928	1.17882988864462	1.82129874107808	0.960585584634177	0.438203024871463	0.342088063063378	0.988446159654991	1.69843979196712	-0.320919300416489	0.75491167986346	1.1406991472289	1.14200570191905	NA	0.356111054066181	1.69842349137529	-0.320344602813062	0.916172629164513	0.782148316992838	1.27399647009408	1.10330891183945	0.370922730040486	0.976478023356535	-0.316799343198942	0.320960560711699	-0.320686210628717	-0.530408031665889	-1.12614149644634	-0.396670797301574	0.895484116947909	0.351723303284549	0.465070782686951	3.05477801125952	0.889668657102445
2.37969757338378	2.64221681245378	3.96598432294312	3.95780987484785	3.40532066989497	4.20763414390843	1.54716053631675	0.698167497376991	0.34033160487151	1.07667942405405	1.14020464418895	0.529843045175253	1.5233278990971	0.996268132704125	0.35691930487385	0.834625141326958	-0.489948228314896	1.66185520752452	-0.600928742629117	0.356111054066181	NA	-1.21537742254556	-1.36222457149449	-0.874653090402925	-0.530734611864587	0.357708523583988	0.98772325955587	-0.658175517608007	-0.366088726272926	0.664519769540148	-0.970040678830227	-0.459839622430031	-0.463087913273535	-0.724487581915088	1.06632733171387	0.521770103740863	-0.531648887832087	1.53538441187911	4.2303706290413	1.46916492745132
3.08513284094472	2.80841829846633	3.26121041890066	5.04758333553556	4.47198657880556	3.73753596940825	3.39261943666793	2.28874532500038	0.961887133394804	2.82884685742049	1.62074238127039	1.46083940390213	0.633511138078571	1.01951908723288	1.31180709910366	3.07267837309687	1.09350065213526	0.566659084510131	-1.06209215670422	1.69842349137529	-1.21537742254556	NA	-1.40545737161411	-2.23708395343448	-0.329721556639659	-0.924832903466153	-0.630637866663294	-0.677216684709963	-1.33969976943013	-1.17965547198384	-3.2094225365587	-1.72783747840466	-1.10020643436966	-0.731673431647492	0.675949337002974	1.12467979878943	0.320538501542012	1.43962217412886	6.11002000652716	1.29210074790374
0.591344950403289	1.59898073310145	1.92292901641499	1.44104445167375	1.70186254544426	3.19638918901792	3.78213899643351	0.954543824077429	-0.459981355772429	-0.518684957997189	1.01792113402191	0.949127518968819	-0.774016826409852	-0.614204421281473	-0.44746447577201	-0.380815969020117	-0.680503535341437	0.558877185397595	-2.43977613212912	-0.320344602813062	-1.36222457149449	-1.40545737161411	NA	-2.42855348712636	-4.48023167864684	-0.978216832700089	-1.06187356941698	-1.06118722238493	-1.03722954144756	-1.0530349311129	-3.48008814120529	-2.18841403600642	-0.629246907919864	-1.48094268034294	-0.736979128427993	-0.622163092023972	-0.309318460292003	0.346289902628183	4.78374503650282	3.85758999000332
1.85223231750594	0.934787094627434	2.56994876042817	2.18162414687087	1.21984232915927	1.04471684484932	2.04503776726197	2.05111497842133	0.385390242136988	0.762672390374884	0.306451474212398	0.943382690314637	0.389060468881391	-0.312138994961992	0.507192251912267	0.372016056226028	-1.82968234524818	0.347346692329436	-0.596530509569006	0.916172629164513	-0.874653090402925	-2.23708395343448	-2.42855348712636	NA	-10.1567656178825	-6.29543055426424	-1.41748018972055	-1.53946675800346	-2.97992994865502	-2.56822377477105	-2.10256226942311	-0.90445837328339	0.676612489449924	-0.884189924254963	0.875589898148339	0.58370560397378	-0.313435405688837	1.2686926988133	3.50790720757384	0.999761976290819
2.90806395681343	1.07535776552199	2.3744408787304	3.31033603406108	2.73812912296264	3.3543084511559	1.96526159089666	2.70603906730303	0.652829124394605	0.811346747658676	0.938808693247931	0.538869251915703	-1.06903862658652	0.677598113987257	-0.41995900043754	0.874564674562337	-0.494170624558222	0.385721435798124	-1.15877122344024	0.782148316992838	-0.530734611864587	-0.329721556639659	-4.48023167864684	-10.1567656178825	NA	-3.11095893339523	-1.95831665565645	-1.0041963375024	-2.31736825975611	-1.74713027361023	-1.81702901217269	-0.598868957370644	-0.827086078744431	-0.86663943258019	-0.404171693698051	-0.317282851009412	-0.385309066049258	0.717867124191954	3.21194940885275	2.09397622231516
2.36358547269369	0.906098046488313	1.72112390294968	2.94615187093021	2.27407635060999	3.80361911557674	1.98569696581472	1.38164868490223	1.23647728840577	0.735466664853716	0.690523099446794	-0.471682580971976	0.328585956467745	-0.834617791367093	0.650149939055259	0.486018855522135	0.515325706112014	0.339807440938414	0.600465465963171	1.27399647009408	0.357708523583988	-0.924832903466153	-0.978216832700089	-6.29543055426424	-3.11095893339523	NA	-2.80289552306531	-1.22364366400088	-1.31588094168039	-2.70419321170348	-0.445733360973636	-1.60702402524282	-0.61957099121392	-1.17230270646096	-0.441130409309891	1.39765367757338	0.620144426722304	1.94311263550784	6.11176824274184	2.8901615308037
0.866799236033815	-0.740013656707301	0.593568104992256	3.4539395179552	0.928282338041442	1.21357623037889	2.07785505496891	1.95759857225948	1.24290583715081	0.497723698751282	0.359550704595001	0.32631927565137	0.615249231978521	-0.513849200076234	-0.329861832759852	-0.704894128740331	0.547376885477626	1.03649883714745	-0.882106951406222	1.10330891183945	0.98772325955587	-0.630637866663294	-1.06187356941698	-1.41748018972055	-1.95831665565645	-2.80289552306531	NA	-1.9831406906997	-1.84015690406856	-1.73492836108106	-1.43087201058746	-0.798719562798339	-1.34561327677593	-0.890755763305669	-1.09028582447176	-0.547079670129142	0.497881111020979	0.918815230890641	1.04959133601439	3.0317916517081
-0.30818712120372	0.875778091950906	0.42935536339247	1.53735230048802	0.650668246491036	0.890954836229261	1.03526886619773	-0.303210242625942	0.471381659275504	-0.325979464149032	-0.355061056854845	-0.549936404351481	-0.939898972716745	-0.418319311381002	-0.791841483642536	-0.724993305429753	-1.05895268943744	0.962355676015228	0.428690654314332	0.370922730040486	-0.658175517608007	-0.677216684709963	-1.06118722238493	-1.53946675800346	-1.0041963375024	-1.22364366400088	-1.9831406906997	NA	-2.23956826192237	-5.3818442636663	-1.51499954403728	-1.90819420980731	-0.988790187615914	-0.363775258941251	0.952152348756049	1.62578381252005	1.05965919096348	-0.319386878609546	3.66833349985277	2.61512392178295
0.818042098702196	0.78921915541995	1.28905730181779	1.41744099407229	0.584799509782868	1.17875644146875	1.34302197275442	2.26822592410404	0.379899636461315	0.553110801825292	-0.672777967730333	0.782214118017019	-0.574880839070878	-0.695847828567304	-1.11190638176959	-2.73418076959836	-1.13081964269058	-0.680625882291452	-1.37641691757678	0.976478023356535	-0.366088726272926	-1.33969976943013	-1.03722954144756	-2.97992994865502	-2.31736825975611	-1.31588094168039	-1.84015690406856	-2.23956826192237	NA	-2.38518018169671	-1.45180055724041	-2.09998120471725	-1.20626946479059	-1.44173529339079	0.478326877168841	0.936426829096811	0.646730137137012	0.599780736291254	1.90885369903834	0.804322881403891
0.545687365380673	2.12743492387206	0.837990948031845	1.46900913075907	0.702647687937436	0.424656257014267	0.480726554693833	0.342542141012731	0.856900036514255	0.861367686002036	0.718562824071368	0.558510198013949	1.46671196928266	0.314897570263444	-0.826941303163014	-0.83158409362694	-1.09841223797914	-0.610017239232038	-0.754168948424785	-0.316799343198942	0.664519769540148	-1.17965547198384	-1.0530349311129	-2.56822377477105	-1.74713027361023	-2.70419321170348	-1.73492836108106	-5.3818442636663	-2.38518018169671	NA	-1.86818065061397	-2.07063384048289	-1.90940941704804	-0.655568832531033	0.468004740603197	0.884128666753857	0.961212225317955	0.489682109777799	3.00350053197459	1.30965606374539
-0.472048768078517	0.770684467471193	0.420609664283851	1.78815055992526	0.399102256434734	0.935991438959302	-0.326965144095129	0.309622515810023	0.61245614028735	-1.19660694116423	-1.6318781056145	-1.24671635944988	0.674832107811088	-0.476718441168439	-1.11183492734543	-0.816923610186138	-0.965470983062236	-0.389629977353298	-0.916036516680112	0.320960560711699	-0.970040678830227	-3.2094225365587	-3.48008814120529	-2.10256226942311	-1.81702901217269	-0.445733360973636	-1.43087201058746	-1.51499954403728	-1.45180055724041	-1.86818065061397	NA	-3.09321899699726	-4.04712566765619	-0.614204467517067	-0.460772689915592	-0.319775064437847	-0.399911432820921	0.694560337570723	1.93678235262021	1.22459888620048
1.5176834956857	1.24017266603081	-0.303739836174401	2.86688192327729	2.56921219617144	1.32540287415316	0.719554996689469	1.39852345420298	1.5548426031573	-0.309257204778365	0.443561133406864	-0.303145195755122	-1.11517227151662	0.469933332600421	-0.529845420732499	-0.956205849953147	-0.372628081925215	-0.651427590250898	-1.42559615527502	-0.320686210628717	-0.459839622430031	-1.72783747840466	-2.18841403600642	-0.90445837328339	-0.598868957370644	-1.60702402524282	-0.798719562798339	-1.90819420980731	-2.09998120471725	-2.07063384048289	-3.09321899699726	NA	-4.76021519008616	-0.633238612925975	1.3362041742181	0.592489142136506	0.633765318632593	0.766003870157014	3.97408446002126	2.72121052478031
0.768233740778706	1.06544143122784	2.32907489515991	4.58854323604793	2.32932594393576	2.93639884478742	1.89575902527494	2.14177752690136	0.800601871232741	1.06384844467555	0.923381256132462	-0.339416550185122	0.403054093174337	0.712774613611852	-1.67728571517589	-1.23765092202952	-0.491423737003145	-0.776662181813873	-2.30073312516444	-0.530408031665889	-0.463087913273535	-1.10020643436966	-0.629246907919864	0.676612489449924	-0.827086078744431	-0.61957099121392	-1.34561327677593	-0.988790187615914	-1.20626946479059	-1.90940941704804	-4.04712566765619	-4.76021519008616	NA	-2.09246790646053	-0.948911053667406	-1.45589638026741	-0.314713681149469	0.452092545269294	4.61836940569742	2.30976031489517
-0.400938863696294	0.980109517931553	1.27119421689566	1.40132358903255	0.589310981099621	0.564855397822769	0.902781863545186	-0.625310327163189	-0.310259454096573	-0.757370303918747	-0.954002294564708	-1.52450863953684	-0.361799231329487	-3.52301179083097	-0.397623916938585	-1.65111942834148	-1.52838034970886	-1.6497471411364	-3.57694698772592	-1.12614149644634	-0.724487581915088	-0.731673431647492	-1.48094268034294	-0.884189924254963	-0.86663943258019	-1.17230270646096	-0.890755763305669	-0.363775258941251	-1.44173529339079	-0.655568832531033	-0.614204467517067	-0.633238612925975	-2.09246790646053	NA	-2.78394543141248	-1.14552958470201	-0.795562058452931	1.84885454891393	2.46507778632376	0.842391533008836
-0.381229301791753	0.682192690636591	0.319615886752143	0.865784769530669	1.13678396076576	0.641992689698769	0.850706571691054	0.440570418986778	0.378116005117901	-2.10773169735757	-1.29751163567986	-0.999234462004406	-0.379083182825983	-1.40980089382933	-0.566511186473921	-0.885009719646517	-0.484151797013545	-0.903834614973063	-0.562210684004364	-0.396670797301574	1.06632733171387	0.675949337002974	-0.736979128427993	0.875589898148339	-0.404171693698051	-0.441130409309891	-1.09028582447176	0.952152348756049	0.478326877168841	0.468004740603197	-0.460772689915592	1.3362041742181	-0.948911053667406	-2.78394543141248	NA	-4.56993496662608	-1.72623470834395	-1.15261398450595	1.75304995373119	0.444985988158329
-0.424384930730008	1.03164192495671	0.791687810892534	1.19500882007234	0.391086759530848	0.441925094890037	0.609463829612604	0.802044569892224	-0.311873830481776	-0.918706716060621	-0.423024956725761	1.0135886728341	-0.526770820473715	-1.95976639673825	-0.963354019346281	0.493661382764494	0.600271156325854	-0.637517821908913	-0.315082934909874	0.895484116947909	0.521770103740863	1.12467979878943	-0.622163092023972	0.58370560397378	-0.317282851009412	1.39765367757338	-0.547079670129142	1.62578381252005	0.936426829096811	0.884128666753857	-0.319775064437847	0.592489142136506	-1.45589638026741	-1.14552958470201	-4.56993496662608	NA	-2.13540721633174	-1.9056173518019	-1.55124180555549	0.509272651301223
0.820271420305814	1.2361118965165	-0.541098856082922	0.874047686463693	1.39017462503178	0.857546670993151	-1.13443263186533	0.374145273263152	-0.37550841102077	-0.482466992489654	0.777292026751875	0.619895427087379	0.32154927410798	-0.819529211583125	-0.449539565914946	-0.572207536349459	0.7578266007653	-1.46731350196242	0.474495056639605	0.351723303284549	-0.531648887832087	0.320538501542012	-0.309318460292003	-0.313435405688837	-0.385309066049258	0.620144426722304	0.497881111020979	1.05965919096348	0.646730137137012	0.961212225317955	-0.399911432820921	0.633765318632593	-0.314713681149469	-0.795562058452931	-1.72623470834395	-2.13540721633174	NA	-4.86812175742861	-2.6183333694785	-0.53060674344837
1.07206541839089	-0.71198025231796	0.639778484449714	1.70191996891889	0.590020519082221	1.22754373209799	0.543929875781236	1.0651009726771	0.443045635886938	0.47005368274218	-1.13563617625959	0.993804017411111	0.349240637266903	0.311459918790539	0.805142314662242	-0.370719420896364	0.723130036615995	-0.803186480842601	-0.349216431664401	0.465070782686951	1.53538441187911	1.43962217412886	0.346289902628183	1.2686926988133	0.717867124191954	1.94311263550784	0.918815230890641	-0.319386878609546	0.599780736291254	0.489682109777799	0.694560337570723	0.766003870157014	0.452092545269294	1.84885454891393	-1.15261398450595	-1.9056173518019	-4.86812175742861	NA	-1.33650238258824	-1.2508678655101
5.96967685566573	2.96160667619614	4.94578403577758	6.47007740148409	4.48915789744553	5.40842523739904	4.65781127024296	3.85257868634271	4.57253987332227	3.09696188163346	2.435684190522	1.4322662735713	3.25691709770542	1.97078517664726	1.77142700071227	2.34747022289225	3.1527915618373	1.40979778124334	3.16319156072495	3.05477801125952	4.2303706290413	6.11002000652716	4.78374503650282	3.50790720757384	3.21194940885275	6.11176824274184	1.04959133601439	3.66833349985277	1.90885369903834	3.00350053197459	1.93678235262021	3.97408446002126	4.61836940569742	2.46507778632376	1.75304995373119	-1.55124180555549	-2.6183333694785	-1.33650238258824	NA	-4.84436781324547
2.6642321194399	2.72523444020211	1.27745431148358	3.30053862137271	2.22726448591542	3.45299963405956	1.69252118363073	1.87675646272782	0.924845839929012	0.375866350112355	1.21827440014969	1.02985213636138	0.596517060414159	1.25979943125721	1.66609826144697	2.05871775571282	2.22519847820373	0.893278204033414	0.768875160435541	0.889668657102445	1.46916492745132	1.29210074790374	3.85758999000332	0.999761976290819	2.09397622231516	2.8901615308037	3.0317916517081	2.61512392178295	0.804322881403891	1.30965606374539	1.22459888620048	2.72121052478031	2.30976031489517	0.842391533008836	0.444985988158329	0.509272651301223	-0.53060674344837	-1.2508678655101	-4.84436781324547	NA
